scenario,fold,model,bearing,condition,label,accuracy,n
A_leaky_window,all,rf,K001,N09_M07_F10,healthy,1.0,92
A_leaky_window,all,rf,K001,N15_M01_F10,healthy,1.0,104
A_leaky_window,all,rf,K001,N15_M07_F04,healthy,1.0,97
A_leaky_window,all,rf,K001,N15_M07_F10,healthy,0.9911504424778761,113
A_leaky_window,all,rf,K002,N09_M07_F10,healthy,0.865979381443299,97
A_leaky_window,all,rf,K002,N15_M01_F10,healthy,1.0,82
A_leaky_window,all,rf,K002,N15_M07_F04,healthy,1.0,103
A_leaky_window,all,rf,K002,N15_M07_F10,healthy,1.0,102
A_leaky_window,all,rf,K003,N09_M07_F10,healthy,1.0,77
A_leaky_window,all,rf,K003,N15_M01_F10,healthy,1.0,93
A_leaky_window,all,rf,K003,N15_M07_F04,healthy,1.0,95
A_leaky_window,all,rf,K003,N15_M07_F10,healthy,1.0,92
A_leaky_window,all,rf,K004,N09_M07_F10,healthy,1.0,99
A_leaky_window,all,rf,K004,N15_M01_F10,healthy,1.0,103
A_leaky_window,all,rf,K004,N15_M07_F04,healthy,1.0,106
A_leaky_window,all,rf,K004,N15_M07_F10,healthy,1.0,100
A_leaky_window,all,rf,K005,N09_M07_F10,healthy,1.0,98
A_leaky_window,all,rf,K005,N15_M01_F10,healthy,0.9897959183673469,98
A_leaky_window,all,rf,K005,N15_M07_F04,healthy,1.0,90
A_leaky_window,all,rf,K005,N15_M07_F10,healthy,1.0,92
A_leaky_window,all,rf,K006,N09_M07_F10,healthy,1.0,97
A_leaky_window,all,rf,K006,N15_M01_F10,healthy,1.0,91
A_leaky_window,all,rf,K006,N15_M07_F04,healthy,1.0,83
A_leaky_window,all,rf,K006,N15_M07_F10,healthy,1.0,103
A_leaky_window,all,rf,KA01,N09_M07_F10,outer,1.0,88
A_leaky_window,all,rf,KA01,N15_M01_F10,outer,1.0,96
A_leaky_window,all,rf,KA01,N15_M07_F04,outer,1.0,85
A_leaky_window,all,rf,KA01,N15_M07_F10,outer,1.0,95
A_leaky_window,all,rf,KA03,N09_M07_F10,outer,1.0,96
A_leaky_window,all,rf,KA03,N15_M01_F10,outer,1.0,89
A_leaky_window,all,rf,KA03,N15_M07_F04,outer,1.0,106
A_leaky_window,all,rf,KA03,N15_M07_F10,outer,1.0,92
A_leaky_window,all,rf,KA04,N09_M07_F10,outer,1.0,92
A_leaky_window,all,rf,KA04,N15_M01_F10,outer,1.0,94
A_leaky_window,all,rf,KA04,N15_M07_F04,outer,1.0,100
A_leaky_window,all,rf,KA04,N15_M07_F10,outer,1.0,101
A_leaky_window,all,rf,KA05,N09_M07_F10,outer,1.0,98
A_leaky_window,all,rf,KA05,N15_M01_F10,outer,0.9887640449438202,89
A_leaky_window,all,rf,KA05,N15_M07_F04,outer,1.0,95
A_leaky_window,all,rf,KA05,N15_M07_F10,outer,1.0,101
A_leaky_window,all,rf,KA06,N09_M07_F10,outer,0.989010989010989,91
A_leaky_window,all,rf,KA06,N15_M01_F10,outer,1.0,96
A_leaky_window,all,rf,KA06,N15_M07_F04,outer,1.0,105
A_leaky_window,all,rf,KA06,N15_M07_F10,outer,1.0,80
A_leaky_window,all,rf,KA07,N09_M07_F10,outer,1.0,88
A_leaky_window,all,rf,KA07,N15_M01_F10,outer,1.0,98
A_leaky_window,all,rf,KA07,N15_M07_F04,outer,0.9896907216494846,97
A_leaky_window,all,rf,KA07,N15_M07_F10,outer,0.990990990990991,111
A_leaky_window,all,rf,KA08,N09_M07_F10,outer,0.9587628865979382,97
A_leaky_window,all,rf,KA08,N15_M01_F10,outer,1.0,90
A_leaky_window,all,rf,KA08,N15_M07_F04,outer,0.9894736842105263,95
A_leaky_window,all,rf,KA08,N15_M07_F10,outer,1.0,92
A_leaky_window,all,rf,KA09,N09_M07_F10,outer,0.9809523809523809,105
A_leaky_window,all,rf,KA09,N15_M01_F10,outer,1.0,91
A_leaky_window,all,rf,KA09,N15_M07_F04,outer,1.0,83
A_leaky_window,all,rf,KA09,N15_M07_F10,outer,1.0,101
A_leaky_window,all,rf,KA15,N09_M07_F10,outer,1.0,105
A_leaky_window,all,rf,KA15,N15_M01_F10,outer,1.0,102
A_leaky_window,all,rf,KA15,N15_M07_F04,outer,1.0,87
A_leaky_window,all,rf,KA15,N15_M07_F10,outer,1.0,96
A_leaky_window,all,rf,KA16,N09_M07_F10,outer,1.0,112
A_leaky_window,all,rf,KA16,N15_M01_F10,outer,1.0,105
A_leaky_window,all,rf,KA16,N15_M07_F04,outer,0.99,100
A_leaky_window,all,rf,KA16,N15_M07_F10,outer,1.0,92
A_leaky_window,all,rf,KA22,N09_M07_F10,outer,1.0,111
A_leaky_window,all,rf,KA22,N15_M01_F10,outer,1.0,92
A_leaky_window,all,rf,KA22,N15_M07_F04,outer,1.0,88
A_leaky_window,all,rf,KA22,N15_M07_F10,outer,1.0,96
A_leaky_window,all,rf,KA30,N09_M07_F10,outer,0.57,100
A_leaky_window,all,rf,KA30,N15_M01_F10,outer,0.9529411764705882,85
A_leaky_window,all,rf,KA30,N15_M07_F04,outer,0.975609756097561,82
A_leaky_window,all,rf,KA30,N15_M07_F10,outer,0.9393939393939394,99
A_leaky_window,all,rf,KI01,N09_M07_F10,inner,1.0,90
A_leaky_window,all,rf,KI01,N15_M01_F10,inner,1.0,101
A_leaky_window,all,rf,KI01,N15_M07_F04,inner,1.0,104
A_leaky_window,all,rf,KI01,N15_M07_F10,inner,1.0,101
A_leaky_window,all,rf,KI03,N09_M07_F10,inner,1.0,109
A_leaky_window,all,rf,KI03,N15_M01_F10,inner,1.0,105
A_leaky_window,all,rf,KI03,N15_M07_F04,inner,1.0,96
A_leaky_window,all,rf,KI03,N15_M07_F10,inner,1.0,100
A_leaky_window,all,rf,KI04,N09_M07_F10,inner,0.967741935483871,93
A_leaky_window,all,rf,KI04,N15_M01_F10,inner,0.9795918367346939,98
A_leaky_window,all,rf,KI04,N15_M07_F04,inner,1.0,98
A_leaky_window,all,rf,KI04,N15_M07_F10,inner,1.0,99
A_leaky_window,all,rf,KI05,N09_M07_F10,inner,1.0,89
A_leaky_window,all,rf,KI05,N15_M01_F10,inner,1.0,76
A_leaky_window,all,rf,KI05,N15_M07_F04,inner,1.0,90
A_leaky_window,all,rf,KI05,N15_M07_F10,inner,0.9772727272727273,88
A_leaky_window,all,rf,KI07,N09_M07_F10,inner,0.9494949494949495,99
A_leaky_window,all,rf,KI07,N15_M01_F10,inner,1.0,95
A_leaky_window,all,rf,KI07,N15_M07_F04,inner,1.0,95
A_leaky_window,all,rf,KI07,N15_M07_F10,inner,1.0,103
A_leaky_window,all,rf,KI08,N09_M07_F10,inner,0.9888888888888889,90
A_leaky_window,all,rf,KI08,N15_M01_F10,inner,1.0,94
A_leaky_window,all,rf,KI08,N15_M07_F04,inner,1.0,82
A_leaky_window,all,rf,KI08,N15_M07_F10,inner,0.9883720930232558,86
A_leaky_window,all,rf,KI14,N09_M07_F10,inner,1.0,106
A_leaky_window,all,rf,KI14,N15_M01_F10,inner,1.0,102
A_leaky_window,all,rf,KI14,N15_M07_F04,inner,1.0,100
A_leaky_window,all,rf,KI14,N15_M07_F10,inner,1.0,99
A_leaky_window,all,rf,KI16,N09_M07_F10,inner,1.0,101
A_leaky_window,all,rf,KI16,N15_M01_F10,inner,1.0,103
A_leaky_window,all,rf,KI16,N15_M07_F04,inner,1.0,90
A_leaky_window,all,rf,KI16,N15_M07_F10,inner,1.0,102
A_leaky_window,all,rf,KI17,N09_M07_F10,inner,1.0,98
A_leaky_window,all,rf,KI17,N15_M01_F10,inner,1.0,93
A_leaky_window,all,rf,KI17,N15_M07_F04,inner,1.0,86
A_leaky_window,all,rf,KI17,N15_M07_F10,inner,1.0,94
A_leaky_window,all,rf,KI18,N09_M07_F10,inner,1.0,100
A_leaky_window,all,rf,KI18,N15_M01_F10,inner,1.0,108
A_leaky_window,all,rf,KI18,N15_M07_F04,inner,1.0,86
A_leaky_window,all,rf,KI18,N15_M07_F10,inner,1.0,105
A_leaky_window,all,rf,KI21,N09_M07_F10,inner,1.0,106
A_leaky_window,all,rf,KI21,N15_M01_F10,inner,1.0,87
A_leaky_window,all,rf,KI21,N15_M07_F04,inner,1.0,96
A_leaky_window,all,rf,KI21,N15_M07_F10,inner,1.0,92
A_leaky_window,all,hgb,K001,N09_M07_F10,healthy,1.0,92
A_leaky_window,all,hgb,K001,N15_M01_F10,healthy,1.0,104
A_leaky_window,all,hgb,K001,N15_M07_F04,healthy,1.0,97
A_leaky_window,all,hgb,K001,N15_M07_F10,healthy,1.0,113
A_leaky_window,all,hgb,K002,N09_M07_F10,healthy,0.979381443298969,97
A_leaky_window,all,hgb,K002,N15_M01_F10,healthy,1.0,82
A_leaky_window,all,hgb,K002,N15_M07_F04,healthy,1.0,103
A_leaky_window,all,hgb,K002,N15_M07_F10,healthy,1.0,102
A_leaky_window,all,hgb,K003,N09_M07_F10,healthy,1.0,77
A_leaky_window,all,hgb,K003,N15_M01_F10,healthy,1.0,93
A_leaky_window,all,hgb,K003,N15_M07_F04,healthy,1.0,95
A_leaky_window,all,hgb,K003,N15_M07_F10,healthy,1.0,92
A_leaky_window,all,hgb,K004,N09_M07_F10,healthy,1.0,99
A_leaky_window,all,hgb,K004,N15_M01_F10,healthy,1.0,103
A_leaky_window,all,hgb,K004,N15_M07_F04,healthy,1.0,106
A_leaky_window,all,hgb,K004,N15_M07_F10,healthy,1.0,100
A_leaky_window,all,hgb,K005,N09_M07_F10,healthy,1.0,98
A_leaky_window,all,hgb,K005,N15_M01_F10,healthy,1.0,98
A_leaky_window,all,hgb,K005,N15_M07_F04,healthy,1.0,90
A_leaky_window,all,hgb,K005,N15_M07_F10,healthy,1.0,92
A_leaky_window,all,hgb,K006,N09_M07_F10,healthy,1.0,97
A_leaky_window,all,hgb,K006,N15_M01_F10,healthy,1.0,91
A_leaky_window,all,hgb,K006,N15_M07_F04,healthy,1.0,83
A_leaky_window,all,hgb,K006,N15_M07_F10,healthy,1.0,103
A_leaky_window,all,hgb,KA01,N09_M07_F10,outer,1.0,88
A_leaky_window,all,hgb,KA01,N15_M01_F10,outer,1.0,96
A_leaky_window,all,hgb,KA01,N15_M07_F04,outer,1.0,85
A_leaky_window,all,hgb,KA01,N15_M07_F10,outer,1.0,95
A_leaky_window,all,hgb,KA03,N09_M07_F10,outer,1.0,96
A_leaky_window,all,hgb,KA03,N15_M01_F10,outer,1.0,89
A_leaky_window,all,hgb,KA03,N15_M07_F04,outer,1.0,106
A_leaky_window,all,hgb,KA03,N15_M07_F10,outer,1.0,92
A_leaky_window,all,hgb,KA04,N09_M07_F10,outer,1.0,92
A_leaky_window,all,hgb,KA04,N15_M01_F10,outer,1.0,94
A_leaky_window,all,hgb,KA04,N15_M07_F04,outer,1.0,100
A_leaky_window,all,hgb,KA04,N15_M07_F10,outer,1.0,101
A_leaky_window,all,hgb,KA05,N09_M07_F10,outer,1.0,98
A_leaky_window,all,hgb,KA05,N15_M01_F10,outer,1.0,89
A_leaky_window,all,hgb,KA05,N15_M07_F04,outer,1.0,95
A_leaky_window,all,hgb,KA05,N15_M07_F10,outer,1.0,101
A_leaky_window,all,hgb,KA06,N09_M07_F10,outer,1.0,91
A_leaky_window,all,hgb,KA06,N15_M01_F10,outer,1.0,96
A_leaky_window,all,hgb,KA06,N15_M07_F04,outer,1.0,105
A_leaky_window,all,hgb,KA06,N15_M07_F10,outer,1.0,80
A_leaky_window,all,hgb,KA07,N09_M07_F10,outer,1.0,88
A_leaky_window,all,hgb,KA07,N15_M01_F10,outer,1.0,98
A_leaky_window,all,hgb,KA07,N15_M07_F04,outer,1.0,97
A_leaky_window,all,hgb,KA07,N15_M07_F10,outer,1.0,111
A_leaky_window,all,hgb,KA08,N09_M07_F10,outer,0.9896907216494846,97
A_leaky_window,all,hgb,KA08,N15_M01_F10,outer,1.0,90
A_leaky_window,all,hgb,KA08,N15_M07_F04,outer,1.0,95
A_leaky_window,all,hgb,KA08,N15_M07_F10,outer,1.0,92
A_leaky_window,all,hgb,KA09,N09_M07_F10,outer,1.0,105
A_leaky_window,all,hgb,KA09,N15_M01_F10,outer,1.0,91
A_leaky_window,all,hgb,KA09,N15_M07_F04,outer,1.0,83
A_leaky_window,all,hgb,KA09,N15_M07_F10,outer,1.0,101
A_leaky_window,all,hgb,KA15,N09_M07_F10,outer,1.0,105
A_leaky_window,all,hgb,KA15,N15_M01_F10,outer,1.0,102
A_leaky_window,all,hgb,KA15,N15_M07_F04,outer,1.0,87
A_leaky_window,all,hgb,KA15,N15_M07_F10,outer,1.0,96
A_leaky_window,all,hgb,KA16,N09_M07_F10,outer,1.0,112
A_leaky_window,all,hgb,KA16,N15_M01_F10,outer,1.0,105
A_leaky_window,all,hgb,KA16,N15_M07_F04,outer,1.0,100
A_leaky_window,all,hgb,KA16,N15_M07_F10,outer,1.0,92
A_leaky_window,all,hgb,KA22,N09_M07_F10,outer,1.0,111
A_leaky_window,all,hgb,KA22,N15_M01_F10,outer,1.0,92
A_leaky_window,all,hgb,KA22,N15_M07_F04,outer,1.0,88
A_leaky_window,all,hgb,KA22,N15_M07_F10,outer,1.0,96
A_leaky_window,all,hgb,KA30,N09_M07_F10,outer,0.91,100
A_leaky_window,all,hgb,KA30,N15_M01_F10,outer,0.9647058823529412,85
A_leaky_window,all,hgb,KA30,N15_M07_F04,outer,1.0,82
A_leaky_window,all,hgb,KA30,N15_M07_F10,outer,0.9797979797979798,99
A_leaky_window,all,hgb,KI01,N09_M07_F10,inner,1.0,90
A_leaky_window,all,hgb,KI01,N15_M01_F10,inner,1.0,101
A_leaky_window,all,hgb,KI01,N15_M07_F04,inner,1.0,104
A_leaky_window,all,hgb,KI01,N15_M07_F10,inner,1.0,101
A_leaky_window,all,hgb,KI03,N09_M07_F10,inner,1.0,109
A_leaky_window,all,hgb,KI03,N15_M01_F10,inner,1.0,105
A_leaky_window,all,hgb,KI03,N15_M07_F04,inner,1.0,96
A_leaky_window,all,hgb,KI03,N15_M07_F10,inner,1.0,100
A_leaky_window,all,hgb,KI04,N09_M07_F10,inner,0.946236559139785,93
A_leaky_window,all,hgb,KI04,N15_M01_F10,inner,1.0,98
A_leaky_window,all,hgb,KI04,N15_M07_F04,inner,1.0,98
A_leaky_window,all,hgb,KI04,N15_M07_F10,inner,1.0,99
A_leaky_window,all,hgb,KI05,N09_M07_F10,inner,0.9887640449438202,89
A_leaky_window,all,hgb,KI05,N15_M01_F10,inner,1.0,76
A_leaky_window,all,hgb,KI05,N15_M07_F04,inner,1.0,90
A_leaky_window,all,hgb,KI05,N15_M07_F10,inner,1.0,88
A_leaky_window,all,hgb,KI07,N09_M07_F10,inner,0.9696969696969697,99
A_leaky_window,all,hgb,KI07,N15_M01_F10,inner,1.0,95
A_leaky_window,all,hgb,KI07,N15_M07_F04,inner,1.0,95
A_leaky_window,all,hgb,KI07,N15_M07_F10,inner,1.0,103
A_leaky_window,all,hgb,KI08,N09_M07_F10,inner,0.9777777777777777,90
A_leaky_window,all,hgb,KI08,N15_M01_F10,inner,1.0,94
A_leaky_window,all,hgb,KI08,N15_M07_F04,inner,1.0,82
A_leaky_window,all,hgb,KI08,N15_M07_F10,inner,0.9883720930232558,86
A_leaky_window,all,hgb,KI14,N09_M07_F10,inner,1.0,106
A_leaky_window,all,hgb,KI14,N15_M01_F10,inner,1.0,102
A_leaky_window,all,hgb,KI14,N15_M07_F04,inner,1.0,100
A_leaky_window,all,hgb,KI14,N15_M07_F10,inner,1.0,99
A_leaky_window,all,hgb,KI16,N09_M07_F10,inner,1.0,101
A_leaky_window,all,hgb,KI16,N15_M01_F10,inner,1.0,103
A_leaky_window,all,hgb,KI16,N15_M07_F04,inner,1.0,90
A_leaky_window,all,hgb,KI16,N15_M07_F10,inner,1.0,102
A_leaky_window,all,hgb,KI17,N09_M07_F10,inner,1.0,98
A_leaky_window,all,hgb,KI17,N15_M01_F10,inner,1.0,93
A_leaky_window,all,hgb,KI17,N15_M07_F04,inner,1.0,86
A_leaky_window,all,hgb,KI17,N15_M07_F10,inner,1.0,94
A_leaky_window,all,hgb,KI18,N09_M07_F10,inner,1.0,100
A_leaky_window,all,hgb,KI18,N15_M01_F10,inner,1.0,108
A_leaky_window,all,hgb,KI18,N15_M07_F04,inner,1.0,86
A_leaky_window,all,hgb,KI18,N15_M07_F10,inner,1.0,105
A_leaky_window,all,hgb,KI21,N09_M07_F10,inner,1.0,106
A_leaky_window,all,hgb,KI21,N15_M01_F10,inner,1.0,87
A_leaky_window,all,hgb,KI21,N15_M07_F04,inner,1.0,96
A_leaky_window,all,hgb,KI21,N15_M07_F10,inner,1.0,92
A_leaky_window,all,cnn,K001,N09_M07_F10,healthy,1.0,92
A_leaky_window,all,cnn,K001,N15_M01_F10,healthy,1.0,104
A_leaky_window,all,cnn,K001,N15_M07_F04,healthy,1.0,97
A_leaky_window,all,cnn,K001,N15_M07_F10,healthy,1.0,113
A_leaky_window,all,cnn,K002,N09_M07_F10,healthy,0.6494845360824743,97
A_leaky_window,all,cnn,K002,N15_M01_F10,healthy,0.9878048780487805,82
A_leaky_window,all,cnn,K002,N15_M07_F04,healthy,0.8932038834951457,103
A_leaky_window,all,cnn,K002,N15_M07_F10,healthy,0.9901960784313726,102
A_leaky_window,all,cnn,K003,N09_M07_F10,healthy,1.0,77
A_leaky_window,all,cnn,K003,N15_M01_F10,healthy,1.0,93
A_leaky_window,all,cnn,K003,N15_M07_F04,healthy,0.9894736842105263,95
A_leaky_window,all,cnn,K003,N15_M07_F10,healthy,1.0,92
A_leaky_window,all,cnn,K004,N09_M07_F10,healthy,1.0,99
A_leaky_window,all,cnn,K004,N15_M01_F10,healthy,1.0,103
A_leaky_window,all,cnn,K004,N15_M07_F04,healthy,1.0,106
A_leaky_window,all,cnn,K004,N15_M07_F10,healthy,1.0,100
A_leaky_window,all,cnn,K005,N09_M07_F10,healthy,0.9897959183673469,98
A_leaky_window,all,cnn,K005,N15_M01_F10,healthy,1.0,98
A_leaky_window,all,cnn,K005,N15_M07_F04,healthy,1.0,90
A_leaky_window,all,cnn,K005,N15_M07_F10,healthy,1.0,92
A_leaky_window,all,cnn,K006,N09_M07_F10,healthy,0.979381443298969,97
A_leaky_window,all,cnn,K006,N15_M01_F10,healthy,1.0,91
A_leaky_window,all,cnn,K006,N15_M07_F04,healthy,1.0,83
A_leaky_window,all,cnn,K006,N15_M07_F10,healthy,1.0,103
A_leaky_window,all,cnn,KA01,N09_M07_F10,outer,0.9659090909090909,88
A_leaky_window,all,cnn,KA01,N15_M01_F10,outer,1.0,96
A_leaky_window,all,cnn,KA01,N15_M07_F04,outer,1.0,85
A_leaky_window,all,cnn,KA01,N15_M07_F10,outer,1.0,95
A_leaky_window,all,cnn,KA03,N09_M07_F10,outer,0.3229166666666667,96
A_leaky_window,all,cnn,KA03,N15_M01_F10,outer,1.0,89
A_leaky_window,all,cnn,KA03,N15_M07_F04,outer,1.0,106
A_leaky_window,all,cnn,KA03,N15_M07_F10,outer,1.0,92
A_leaky_window,all,cnn,KA04,N09_M07_F10,outer,1.0,92
A_leaky_window,all,cnn,KA04,N15_M01_F10,outer,1.0,94
A_leaky_window,all,cnn,KA04,N15_M07_F04,outer,1.0,100
A_leaky_window,all,cnn,KA04,N15_M07_F10,outer,1.0,101
A_leaky_window,all,cnn,KA05,N09_M07_F10,outer,1.0,98
A_leaky_window,all,cnn,KA05,N15_M01_F10,outer,1.0,89
A_leaky_window,all,cnn,KA05,N15_M07_F04,outer,1.0,95
A_leaky_window,all,cnn,KA05,N15_M07_F10,outer,1.0,101
A_leaky_window,all,cnn,KA06,N09_M07_F10,outer,0.989010989010989,91
A_leaky_window,all,cnn,KA06,N15_M01_F10,outer,1.0,96
A_leaky_window,all,cnn,KA06,N15_M07_F04,outer,0.9809523809523809,105
A_leaky_window,all,cnn,KA06,N15_M07_F10,outer,1.0,80
A_leaky_window,all,cnn,KA07,N09_M07_F10,outer,0.8068181818181818,88
A_leaky_window,all,cnn,KA07,N15_M01_F10,outer,1.0,98
A_leaky_window,all,cnn,KA07,N15_M07_F04,outer,1.0,97
A_leaky_window,all,cnn,KA07,N15_M07_F10,outer,1.0,111
A_leaky_window,all,cnn,KA08,N09_M07_F10,outer,1.0,97
A_leaky_window,all,cnn,KA08,N15_M01_F10,outer,1.0,90
A_leaky_window,all,cnn,KA08,N15_M07_F04,outer,1.0,95
A_leaky_window,all,cnn,KA08,N15_M07_F10,outer,1.0,92
A_leaky_window,all,cnn,KA09,N09_M07_F10,outer,1.0,105
A_leaky_window,all,cnn,KA09,N15_M01_F10,outer,1.0,91
A_leaky_window,all,cnn,KA09,N15_M07_F04,outer,1.0,83
A_leaky_window,all,cnn,KA09,N15_M07_F10,outer,1.0,101
A_leaky_window,all,cnn,KA15,N09_M07_F10,outer,0.780952380952381,105
A_leaky_window,all,cnn,KA15,N15_M01_F10,outer,0.9705882352941176,102
A_leaky_window,all,cnn,KA15,N15_M07_F04,outer,0.6896551724137931,87
A_leaky_window,all,cnn,KA15,N15_M07_F10,outer,0.9791666666666666,96
A_leaky_window,all,cnn,KA16,N09_M07_F10,outer,1.0,112
A_leaky_window,all,cnn,KA16,N15_M01_F10,outer,1.0,105
A_leaky_window,all,cnn,KA16,N15_M07_F04,outer,1.0,100
A_leaky_window,all,cnn,KA16,N15_M07_F10,outer,1.0,92
A_leaky_window,all,cnn,KA22,N09_M07_F10,outer,1.0,111
A_leaky_window,all,cnn,KA22,N15_M01_F10,outer,1.0,92
A_leaky_window,all,cnn,KA22,N15_M07_F04,outer,0.9886363636363636,88
A_leaky_window,all,cnn,KA22,N15_M07_F10,outer,1.0,96
A_leaky_window,all,cnn,KA30,N09_M07_F10,outer,0.85,100
A_leaky_window,all,cnn,KA30,N15_M01_F10,outer,1.0,85
A_leaky_window,all,cnn,KA30,N15_M07_F04,outer,0.975609756097561,82
A_leaky_window,all,cnn,KA30,N15_M07_F10,outer,0.98989898989899,99
A_leaky_window,all,cnn,KI01,N09_M07_F10,inner,1.0,90
A_leaky_window,all,cnn,KI01,N15_M01_F10,inner,1.0,101
A_leaky_window,all,cnn,KI01,N15_M07_F04,inner,1.0,104
A_leaky_window,all,cnn,KI01,N15_M07_F10,inner,1.0,101
A_leaky_window,all,cnn,KI03,N09_M07_F10,inner,0.5688073394495413,109
A_leaky_window,all,cnn,KI03,N15_M01_F10,inner,1.0,105
A_leaky_window,all,cnn,KI03,N15_M07_F04,inner,1.0,96
A_leaky_window,all,cnn,KI03,N15_M07_F10,inner,1.0,100
A_leaky_window,all,cnn,KI04,N09_M07_F10,inner,0.8279569892473119,93
A_leaky_window,all,cnn,KI04,N15_M01_F10,inner,0.8979591836734694,98
A_leaky_window,all,cnn,KI04,N15_M07_F04,inner,0.9591836734693877,98
A_leaky_window,all,cnn,KI04,N15_M07_F10,inner,0.9696969696969697,99
A_leaky_window,all,cnn,KI05,N09_M07_F10,inner,0.3707865168539326,89
A_leaky_window,all,cnn,KI05,N15_M01_F10,inner,0.5921052631578947,76
A_leaky_window,all,cnn,KI05,N15_M07_F04,inner,0.8888888888888888,90
A_leaky_window,all,cnn,KI05,N15_M07_F10,inner,0.6363636363636364,88
A_leaky_window,all,cnn,KI07,N09_M07_F10,inner,0.6767676767676768,99
A_leaky_window,all,cnn,KI07,N15_M01_F10,inner,0.9578947368421052,95
A_leaky_window,all,cnn,KI07,N15_M07_F04,inner,1.0,95
A_leaky_window,all,cnn,KI07,N15_M07_F10,inner,0.9611650485436893,103
A_leaky_window,all,cnn,KI08,N09_M07_F10,inner,0.8,90
A_leaky_window,all,cnn,KI08,N15_M01_F10,inner,0.9468085106382979,94
A_leaky_window,all,cnn,KI08,N15_M07_F04,inner,1.0,82
A_leaky_window,all,cnn,KI08,N15_M07_F10,inner,0.9767441860465116,86
A_leaky_window,all,cnn,KI14,N09_M07_F10,inner,1.0,106
A_leaky_window,all,cnn,KI14,N15_M01_F10,inner,1.0,102
A_leaky_window,all,cnn,KI14,N15_M07_F04,inner,1.0,100
A_leaky_window,all,cnn,KI14,N15_M07_F10,inner,1.0,99
A_leaky_window,all,cnn,KI16,N09_M07_F10,inner,1.0,101
A_leaky_window,all,cnn,KI16,N15_M01_F10,inner,1.0,103
A_leaky_window,all,cnn,KI16,N15_M07_F04,inner,1.0,90
A_leaky_window,all,cnn,KI16,N15_M07_F10,inner,1.0,102
A_leaky_window,all,cnn,KI17,N09_M07_F10,inner,0.9795918367346939,98
A_leaky_window,all,cnn,KI17,N15_M01_F10,inner,0.989247311827957,93
A_leaky_window,all,cnn,KI17,N15_M07_F04,inner,1.0,86
A_leaky_window,all,cnn,KI17,N15_M07_F10,inner,1.0,94
A_leaky_window,all,cnn,KI18,N09_M07_F10,inner,1.0,100
A_leaky_window,all,cnn,KI18,N15_M01_F10,inner,1.0,108
A_leaky_window,all,cnn,KI18,N15_M07_F04,inner,1.0,86
A_leaky_window,all,cnn,KI18,N15_M07_F10,inner,1.0,105
A_leaky_window,all,cnn,KI21,N09_M07_F10,inner,1.0,106
A_leaky_window,all,cnn,KI21,N15_M01_F10,inner,1.0,87
A_leaky_window,all,cnn,KI21,N15_M07_F04,inner,1.0,96
A_leaky_window,all,cnn,KI21,N15_M07_F10,inner,1.0,92
B_recording,all,rf,K001,N09_M07_F10,healthy,1.0,96
B_recording,all,rf,K001,N15_M01_F10,healthy,0.9895833333333334,96
B_recording,all,rf,K001,N15_M07_F04,healthy,1.0,96
B_recording,all,rf,K001,N15_M07_F10,healthy,1.0,96
B_recording,all,rf,K002,N09_M07_F10,healthy,0.8125,96
B_recording,all,rf,K002,N15_M01_F10,healthy,0.9895833333333334,96
B_recording,all,rf,K002,N15_M07_F04,healthy,1.0,96
B_recording,all,rf,K002,N15_M07_F10,healthy,1.0,96
B_recording,all,rf,K003,N09_M07_F10,healthy,1.0,96
B_recording,all,rf,K003,N15_M01_F10,healthy,0.9895833333333334,96
B_recording,all,rf,K003,N15_M07_F04,healthy,1.0,96
B_recording,all,rf,K003,N15_M07_F10,healthy,1.0,96
B_recording,all,rf,K004,N09_M07_F10,healthy,1.0,96
B_recording,all,rf,K004,N15_M01_F10,healthy,1.0,96
B_recording,all,rf,K004,N15_M07_F04,healthy,1.0,96
B_recording,all,rf,K004,N15_M07_F10,healthy,1.0,96
B_recording,all,rf,K005,N09_M07_F10,healthy,0.9895833333333334,96
B_recording,all,rf,K005,N15_M01_F10,healthy,0.9895833333333334,96
B_recording,all,rf,K005,N15_M07_F04,healthy,1.0,96
B_recording,all,rf,K005,N15_M07_F10,healthy,0.9895833333333334,96
B_recording,all,rf,K006,N09_M07_F10,healthy,1.0,96
B_recording,all,rf,K006,N15_M01_F10,healthy,1.0,96
B_recording,all,rf,K006,N15_M07_F04,healthy,1.0,96
B_recording,all,rf,K006,N15_M07_F10,healthy,1.0,96
B_recording,all,rf,KA01,N09_M07_F10,outer,1.0,96
B_recording,all,rf,KA01,N15_M01_F10,outer,1.0,96
B_recording,all,rf,KA01,N15_M07_F04,outer,1.0,96
B_recording,all,rf,KA01,N15_M07_F10,outer,1.0,96
B_recording,all,rf,KA03,N09_M07_F10,outer,1.0,96
B_recording,all,rf,KA03,N15_M01_F10,outer,1.0,96
B_recording,all,rf,KA03,N15_M07_F04,outer,1.0,96
B_recording,all,rf,KA03,N15_M07_F10,outer,1.0,96
B_recording,all,rf,KA04,N09_M07_F10,outer,0.9791666666666666,96
B_recording,all,rf,KA04,N15_M01_F10,outer,1.0,96
B_recording,all,rf,KA04,N15_M07_F04,outer,1.0,96
B_recording,all,rf,KA04,N15_M07_F10,outer,1.0,96
B_recording,all,rf,KA05,N09_M07_F10,outer,0.9895833333333334,96
B_recording,all,rf,KA05,N15_M01_F10,outer,1.0,96
B_recording,all,rf,KA05,N15_M07_F04,outer,1.0,96
B_recording,all,rf,KA05,N15_M07_F10,outer,1.0,96
B_recording,all,rf,KA06,N09_M07_F10,outer,1.0,96
B_recording,all,rf,KA06,N15_M01_F10,outer,1.0,96
B_recording,all,rf,KA06,N15_M07_F04,outer,1.0,96
B_recording,all,rf,KA06,N15_M07_F10,outer,1.0,96
B_recording,all,rf,KA07,N09_M07_F10,outer,0.9895833333333334,96
B_recording,all,rf,KA07,N15_M01_F10,outer,1.0,96
B_recording,all,rf,KA07,N15_M07_F04,outer,0.96875,96
B_recording,all,rf,KA07,N15_M07_F10,outer,0.9895833333333334,96
B_recording,all,rf,KA08,N09_M07_F10,outer,0.9791666666666666,96
B_recording,all,rf,KA08,N15_M01_F10,outer,1.0,96
B_recording,all,rf,KA08,N15_M07_F04,outer,1.0,96
B_recording,all,rf,KA08,N15_M07_F10,outer,1.0,96
B_recording,all,rf,KA09,N09_M07_F10,outer,0.9895833333333334,96
B_recording,all,rf,KA09,N15_M01_F10,outer,1.0,96
B_recording,all,rf,KA09,N15_M07_F04,outer,1.0,96
B_recording,all,rf,KA09,N15_M07_F10,outer,1.0,96
B_recording,all,rf,KA15,N09_M07_F10,outer,1.0,96
B_recording,all,rf,KA15,N15_M01_F10,outer,1.0,96
B_recording,all,rf,KA15,N15_M07_F04,outer,1.0,96
B_recording,all,rf,KA15,N15_M07_F10,outer,1.0,96
B_recording,all,rf,KA16,N09_M07_F10,outer,1.0,96
B_recording,all,rf,KA16,N15_M01_F10,outer,1.0,96
B_recording,all,rf,KA16,N15_M07_F04,outer,1.0,96
B_recording,all,rf,KA16,N15_M07_F10,outer,1.0,96
B_recording,all,rf,KA22,N09_M07_F10,outer,1.0,96
B_recording,all,rf,KA22,N15_M01_F10,outer,1.0,96
B_recording,all,rf,KA22,N15_M07_F04,outer,1.0,96
B_recording,all,rf,KA22,N15_M07_F10,outer,1.0,96
B_recording,all,rf,KA30,N09_M07_F10,outer,0.4270833333333333,96
B_recording,all,rf,KA30,N15_M01_F10,outer,0.9583333333333334,96
B_recording,all,rf,KA30,N15_M07_F04,outer,0.9583333333333334,96
B_recording,all,rf,KA30,N15_M07_F10,outer,0.96875,96
B_recording,all,rf,KI01,N09_M07_F10,inner,1.0,96
B_recording,all,rf,KI01,N15_M01_F10,inner,1.0,96
B_recording,all,rf,KI01,N15_M07_F04,inner,1.0,96
B_recording,all,rf,KI01,N15_M07_F10,inner,1.0,96
B_recording,all,rf,KI03,N09_M07_F10,inner,1.0,96
B_recording,all,rf,KI03,N15_M01_F10,inner,0.9895833333333334,96
B_recording,all,rf,KI03,N15_M07_F04,inner,0.9895833333333334,96
B_recording,all,rf,KI03,N15_M07_F10,inner,1.0,96
B_recording,all,rf,KI04,N09_M07_F10,inner,0.9895833333333334,96
B_recording,all,rf,KI04,N15_M01_F10,inner,0.9791666666666666,96
B_recording,all,rf,KI04,N15_M07_F04,inner,1.0,96
B_recording,all,rf,KI04,N15_M07_F10,inner,1.0,96
B_recording,all,rf,KI05,N09_M07_F10,inner,0.9895833333333334,96
B_recording,all,rf,KI05,N15_M01_F10,inner,1.0,96
B_recording,all,rf,KI05,N15_M07_F04,inner,1.0,96
B_recording,all,rf,KI05,N15_M07_F10,inner,1.0,96
B_recording,all,rf,KI07,N09_M07_F10,inner,0.9791666666666666,96
B_recording,all,rf,KI07,N15_M01_F10,inner,1.0,96
B_recording,all,rf,KI07,N15_M07_F04,inner,0.9791666666666666,96
B_recording,all,rf,KI07,N15_M07_F10,inner,0.9791666666666666,96
B_recording,all,rf,KI08,N09_M07_F10,inner,0.96875,96
B_recording,all,rf,KI08,N15_M01_F10,inner,1.0,96
B_recording,all,rf,KI08,N15_M07_F04,inner,1.0,96
B_recording,all,rf,KI08,N15_M07_F10,inner,0.90625,96
B_recording,all,rf,KI14,N09_M07_F10,inner,1.0,96
B_recording,all,rf,KI14,N15_M01_F10,inner,1.0,96
B_recording,all,rf,KI14,N15_M07_F04,inner,1.0,96
B_recording,all,rf,KI14,N15_M07_F10,inner,1.0,96
B_recording,all,rf,KI16,N09_M07_F10,inner,1.0,96
B_recording,all,rf,KI16,N15_M01_F10,inner,1.0,96
B_recording,all,rf,KI16,N15_M07_F04,inner,1.0,96
B_recording,all,rf,KI16,N15_M07_F10,inner,1.0,96
B_recording,all,rf,KI17,N09_M07_F10,inner,1.0,96
B_recording,all,rf,KI17,N15_M01_F10,inner,1.0,96
B_recording,all,rf,KI17,N15_M07_F04,inner,1.0,96
B_recording,all,rf,KI17,N15_M07_F10,inner,1.0,96
B_recording,all,rf,KI18,N09_M07_F10,inner,1.0,96
B_recording,all,rf,KI18,N15_M01_F10,inner,1.0,96
B_recording,all,rf,KI18,N15_M07_F04,inner,1.0,96
B_recording,all,rf,KI18,N15_M07_F10,inner,1.0,96
B_recording,all,rf,KI21,N09_M07_F10,inner,1.0,96
B_recording,all,rf,KI21,N15_M01_F10,inner,1.0,96
B_recording,all,rf,KI21,N15_M07_F04,inner,1.0,96
B_recording,all,rf,KI21,N15_M07_F10,inner,1.0,96
B_recording,all,hgb,K001,N09_M07_F10,healthy,1.0,96
B_recording,all,hgb,K001,N15_M01_F10,healthy,0.9895833333333334,96
B_recording,all,hgb,K001,N15_M07_F04,healthy,1.0,96
B_recording,all,hgb,K001,N15_M07_F10,healthy,1.0,96
B_recording,all,hgb,K002,N09_M07_F10,healthy,0.90625,96
B_recording,all,hgb,K002,N15_M01_F10,healthy,0.9895833333333334,96
B_recording,all,hgb,K002,N15_M07_F04,healthy,1.0,96
B_recording,all,hgb,K002,N15_M07_F10,healthy,1.0,96
B_recording,all,hgb,K003,N09_M07_F10,healthy,1.0,96
B_recording,all,hgb,K003,N15_M01_F10,healthy,1.0,96
B_recording,all,hgb,K003,N15_M07_F04,healthy,1.0,96
B_recording,all,hgb,K003,N15_M07_F10,healthy,1.0,96
B_recording,all,hgb,K004,N09_M07_F10,healthy,1.0,96
B_recording,all,hgb,K004,N15_M01_F10,healthy,1.0,96
B_recording,all,hgb,K004,N15_M07_F04,healthy,1.0,96
B_recording,all,hgb,K004,N15_M07_F10,healthy,1.0,96
B_recording,all,hgb,K005,N09_M07_F10,healthy,0.9895833333333334,96
B_recording,all,hgb,K005,N15_M01_F10,healthy,1.0,96
B_recording,all,hgb,K005,N15_M07_F04,healthy,1.0,96
B_recording,all,hgb,K005,N15_M07_F10,healthy,1.0,96
B_recording,all,hgb,K006,N09_M07_F10,healthy,1.0,96
B_recording,all,hgb,K006,N15_M01_F10,healthy,1.0,96
B_recording,all,hgb,K006,N15_M07_F04,healthy,1.0,96
B_recording,all,hgb,K006,N15_M07_F10,healthy,1.0,96
B_recording,all,hgb,KA01,N09_M07_F10,outer,1.0,96
B_recording,all,hgb,KA01,N15_M01_F10,outer,1.0,96
B_recording,all,hgb,KA01,N15_M07_F04,outer,1.0,96
B_recording,all,hgb,KA01,N15_M07_F10,outer,1.0,96
B_recording,all,hgb,KA03,N09_M07_F10,outer,1.0,96
B_recording,all,hgb,KA03,N15_M01_F10,outer,1.0,96
B_recording,all,hgb,KA03,N15_M07_F04,outer,1.0,96
B_recording,all,hgb,KA03,N15_M07_F10,outer,1.0,96
B_recording,all,hgb,KA04,N09_M07_F10,outer,0.9583333333333334,96
B_recording,all,hgb,KA04,N15_M01_F10,outer,1.0,96
B_recording,all,hgb,KA04,N15_M07_F04,outer,1.0,96
B_recording,all,hgb,KA04,N15_M07_F10,outer,1.0,96
B_recording,all,hgb,KA05,N09_M07_F10,outer,1.0,96
B_recording,all,hgb,KA05,N15_M01_F10,outer,1.0,96
B_recording,all,hgb,KA05,N15_M07_F04,outer,1.0,96
B_recording,all,hgb,KA05,N15_M07_F10,outer,1.0,96
B_recording,all,hgb,KA06,N09_M07_F10,outer,1.0,96
B_recording,all,hgb,KA06,N15_M01_F10,outer,1.0,96
B_recording,all,hgb,KA06,N15_M07_F04,outer,1.0,96
B_recording,all,hgb,KA06,N15_M07_F10,outer,1.0,96
B_recording,all,hgb,KA07,N09_M07_F10,outer,1.0,96
B_recording,all,hgb,KA07,N15_M01_F10,outer,1.0,96
B_recording,all,hgb,KA07,N15_M07_F04,outer,1.0,96
B_recording,all,hgb,KA07,N15_M07_F10,outer,0.9895833333333334,96
B_recording,all,hgb,KA08,N09_M07_F10,outer,1.0,96
B_recording,all,hgb,KA08,N15_M01_F10,outer,1.0,96
B_recording,all,hgb,KA08,N15_M07_F04,outer,1.0,96
B_recording,all,hgb,KA08,N15_M07_F10,outer,1.0,96
B_recording,all,hgb,KA09,N09_M07_F10,outer,0.9895833333333334,96
B_recording,all,hgb,KA09,N15_M01_F10,outer,1.0,96
B_recording,all,hgb,KA09,N15_M07_F04,outer,1.0,96
B_recording,all,hgb,KA09,N15_M07_F10,outer,1.0,96
B_recording,all,hgb,KA15,N09_M07_F10,outer,1.0,96
B_recording,all,hgb,KA15,N15_M01_F10,outer,1.0,96
B_recording,all,hgb,KA15,N15_M07_F04,outer,1.0,96
B_recording,all,hgb,KA15,N15_M07_F10,outer,1.0,96
B_recording,all,hgb,KA16,N09_M07_F10,outer,1.0,96
B_recording,all,hgb,KA16,N15_M01_F10,outer,1.0,96
B_recording,all,hgb,KA16,N15_M07_F04,outer,1.0,96
B_recording,all,hgb,KA16,N15_M07_F10,outer,1.0,96
B_recording,all,hgb,KA22,N09_M07_F10,outer,1.0,96
B_recording,all,hgb,KA22,N15_M01_F10,outer,1.0,96
B_recording,all,hgb,KA22,N15_M07_F04,outer,1.0,96
B_recording,all,hgb,KA22,N15_M07_F10,outer,1.0,96
B_recording,all,hgb,KA30,N09_M07_F10,outer,0.7291666666666666,96
B_recording,all,hgb,KA30,N15_M01_F10,outer,0.9479166666666666,96
B_recording,all,hgb,KA30,N15_M07_F04,outer,0.9166666666666666,96
B_recording,all,hgb,KA30,N15_M07_F10,outer,0.9895833333333334,96
B_recording,all,hgb,KI01,N09_M07_F10,inner,1.0,96
B_recording,all,hgb,KI01,N15_M01_F10,inner,1.0,96
B_recording,all,hgb,KI01,N15_M07_F04,inner,1.0,96
B_recording,all,hgb,KI01,N15_M07_F10,inner,1.0,96
B_recording,all,hgb,KI03,N09_M07_F10,inner,1.0,96
B_recording,all,hgb,KI03,N15_M01_F10,inner,1.0,96
B_recording,all,hgb,KI03,N15_M07_F04,inner,1.0,96
B_recording,all,hgb,KI03,N15_M07_F10,inner,1.0,96
B_recording,all,hgb,KI04,N09_M07_F10,inner,0.9895833333333334,96
B_recording,all,hgb,KI04,N15_M01_F10,inner,1.0,96
B_recording,all,hgb,KI04,N15_M07_F04,inner,1.0,96
B_recording,all,hgb,KI04,N15_M07_F10,inner,1.0,96
B_recording,all,hgb,KI05,N09_M07_F10,inner,1.0,96
B_recording,all,hgb,KI05,N15_M01_F10,inner,1.0,96
B_recording,all,hgb,KI05,N15_M07_F04,inner,1.0,96
B_recording,all,hgb,KI05,N15_M07_F10,inner,1.0,96
B_recording,all,hgb,KI07,N09_M07_F10,inner,1.0,96
B_recording,all,hgb,KI07,N15_M01_F10,inner,1.0,96
B_recording,all,hgb,KI07,N15_M07_F04,inner,0.9895833333333334,96
B_recording,all,hgb,KI07,N15_M07_F10,inner,0.9895833333333334,96
B_recording,all,hgb,KI08,N09_M07_F10,inner,0.9479166666666666,96
B_recording,all,hgb,KI08,N15_M01_F10,inner,0.9895833333333334,96
B_recording,all,hgb,KI08,N15_M07_F04,inner,1.0,96
B_recording,all,hgb,KI08,N15_M07_F10,inner,0.8854166666666666,96
B_recording,all,hgb,KI14,N09_M07_F10,inner,1.0,96
B_recording,all,hgb,KI14,N15_M01_F10,inner,1.0,96
B_recording,all,hgb,KI14,N15_M07_F04,inner,1.0,96
B_recording,all,hgb,KI14,N15_M07_F10,inner,1.0,96
B_recording,all,hgb,KI16,N09_M07_F10,inner,1.0,96
B_recording,all,hgb,KI16,N15_M01_F10,inner,1.0,96
B_recording,all,hgb,KI16,N15_M07_F04,inner,1.0,96
B_recording,all,hgb,KI16,N15_M07_F10,inner,1.0,96
B_recording,all,hgb,KI17,N09_M07_F10,inner,1.0,96
B_recording,all,hgb,KI17,N15_M01_F10,inner,1.0,96
B_recording,all,hgb,KI17,N15_M07_F04,inner,1.0,96
B_recording,all,hgb,KI17,N15_M07_F10,inner,1.0,96
B_recording,all,hgb,KI18,N09_M07_F10,inner,1.0,96
B_recording,all,hgb,KI18,N15_M01_F10,inner,1.0,96
B_recording,all,hgb,KI18,N15_M07_F04,inner,1.0,96
B_recording,all,hgb,KI18,N15_M07_F10,inner,1.0,96
B_recording,all,hgb,KI21,N09_M07_F10,inner,1.0,96
B_recording,all,hgb,KI21,N15_M01_F10,inner,1.0,96
B_recording,all,hgb,KI21,N15_M07_F04,inner,1.0,96
B_recording,all,hgb,KI21,N15_M07_F10,inner,1.0,96
B_recording,all,cnn,K001,N09_M07_F10,healthy,1.0,96
B_recording,all,cnn,K001,N15_M01_F10,healthy,1.0,96
B_recording,all,cnn,K001,N15_M07_F04,healthy,1.0,96
B_recording,all,cnn,K001,N15_M07_F10,healthy,0.9895833333333334,96
B_recording,all,cnn,K002,N09_M07_F10,healthy,0.6354166666666666,96
B_recording,all,cnn,K002,N15_M01_F10,healthy,0.8020833333333334,96
B_recording,all,cnn,K002,N15_M07_F04,healthy,0.7395833333333334,96
B_recording,all,cnn,K002,N15_M07_F10,healthy,0.9166666666666666,96
B_recording,all,cnn,K003,N09_M07_F10,healthy,1.0,96
B_recording,all,cnn,K003,N15_M01_F10,healthy,0.9895833333333334,96
B_recording,all,cnn,K003,N15_M07_F04,healthy,0.9895833333333334,96
B_recording,all,cnn,K003,N15_M07_F10,healthy,0.9791666666666666,96
B_recording,all,cnn,K004,N09_M07_F10,healthy,1.0,96
B_recording,all,cnn,K004,N15_M01_F10,healthy,1.0,96
B_recording,all,cnn,K004,N15_M07_F04,healthy,1.0,96
B_recording,all,cnn,K004,N15_M07_F10,healthy,1.0,96
B_recording,all,cnn,K005,N09_M07_F10,healthy,1.0,96
B_recording,all,cnn,K005,N15_M01_F10,healthy,1.0,96
B_recording,all,cnn,K005,N15_M07_F04,healthy,1.0,96
B_recording,all,cnn,K005,N15_M07_F10,healthy,1.0,96
B_recording,all,cnn,K006,N09_M07_F10,healthy,1.0,96
B_recording,all,cnn,K006,N15_M01_F10,healthy,1.0,96
B_recording,all,cnn,K006,N15_M07_F04,healthy,1.0,96
B_recording,all,cnn,K006,N15_M07_F10,healthy,1.0,96
B_recording,all,cnn,KA01,N09_M07_F10,outer,0.9791666666666666,96
B_recording,all,cnn,KA01,N15_M01_F10,outer,1.0,96
B_recording,all,cnn,KA01,N15_M07_F04,outer,1.0,96
B_recording,all,cnn,KA01,N15_M07_F10,outer,1.0,96
B_recording,all,cnn,KA03,N09_M07_F10,outer,0.8125,96
B_recording,all,cnn,KA03,N15_M01_F10,outer,0.9791666666666666,96
B_recording,all,cnn,KA03,N15_M07_F04,outer,1.0,96
B_recording,all,cnn,KA03,N15_M07_F10,outer,1.0,96
B_recording,all,cnn,KA04,N09_M07_F10,outer,0.9479166666666666,96
B_recording,all,cnn,KA04,N15_M01_F10,outer,1.0,96
B_recording,all,cnn,KA04,N15_M07_F04,outer,1.0,96
B_recording,all,cnn,KA04,N15_M07_F10,outer,1.0,96
B_recording,all,cnn,KA05,N09_M07_F10,outer,1.0,96
B_recording,all,cnn,KA05,N15_M01_F10,outer,1.0,96
B_recording,all,cnn,KA05,N15_M07_F04,outer,1.0,96
B_recording,all,cnn,KA05,N15_M07_F10,outer,1.0,96
B_recording,all,cnn,KA06,N09_M07_F10,outer,0.9791666666666666,96
B_recording,all,cnn,KA06,N15_M01_F10,outer,1.0,96
B_recording,all,cnn,KA06,N15_M07_F04,outer,1.0,96
B_recording,all,cnn,KA06,N15_M07_F10,outer,1.0,96
B_recording,all,cnn,KA07,N09_M07_F10,outer,0.75,96
B_recording,all,cnn,KA07,N15_M01_F10,outer,1.0,96
B_recording,all,cnn,KA07,N15_M07_F04,outer,0.9895833333333334,96
B_recording,all,cnn,KA07,N15_M07_F10,outer,1.0,96
B_recording,all,cnn,KA08,N09_M07_F10,outer,1.0,96
B_recording,all,cnn,KA08,N15_M01_F10,outer,1.0,96
B_recording,all,cnn,KA08,N15_M07_F04,outer,1.0,96
B_recording,all,cnn,KA08,N15_M07_F10,outer,1.0,96
B_recording,all,cnn,KA09,N09_M07_F10,outer,1.0,96
B_recording,all,cnn,KA09,N15_M01_F10,outer,1.0,96
B_recording,all,cnn,KA09,N15_M07_F04,outer,1.0,96
B_recording,all,cnn,KA09,N15_M07_F10,outer,1.0,96
B_recording,all,cnn,KA15,N09_M07_F10,outer,0.9583333333333334,96
B_recording,all,cnn,KA15,N15_M01_F10,outer,0.96875,96
B_recording,all,cnn,KA15,N15_M07_F04,outer,0.9479166666666666,96
B_recording,all,cnn,KA15,N15_M07_F10,outer,0.9895833333333334,96
B_recording,all,cnn,KA16,N09_M07_F10,outer,1.0,96
B_recording,all,cnn,KA16,N15_M01_F10,outer,1.0,96
B_recording,all,cnn,KA16,N15_M07_F04,outer,0.9791666666666666,96
B_recording,all,cnn,KA16,N15_M07_F10,outer,1.0,96
B_recording,all,cnn,KA22,N09_M07_F10,outer,1.0,96
B_recording,all,cnn,KA22,N15_M01_F10,outer,1.0,96
B_recording,all,cnn,KA22,N15_M07_F04,outer,1.0,96
B_recording,all,cnn,KA22,N15_M07_F10,outer,1.0,96
B_recording,all,cnn,KA30,N09_M07_F10,outer,0.8541666666666666,96
B_recording,all,cnn,KA30,N15_M01_F10,outer,0.9583333333333334,96
B_recording,all,cnn,KA30,N15_M07_F04,outer,0.8958333333333334,96
B_recording,all,cnn,KA30,N15_M07_F10,outer,0.9583333333333334,96
B_recording,all,cnn,KI01,N09_M07_F10,inner,0.96875,96
B_recording,all,cnn,KI01,N15_M01_F10,inner,1.0,96
B_recording,all,cnn,KI01,N15_M07_F04,inner,1.0,96
B_recording,all,cnn,KI01,N15_M07_F10,inner,1.0,96
B_recording,all,cnn,KI03,N09_M07_F10,inner,0.16666666666666666,96
B_recording,all,cnn,KI03,N15_M01_F10,inner,1.0,96
B_recording,all,cnn,KI03,N15_M07_F04,inner,0.9895833333333334,96
B_recording,all,cnn,KI03,N15_M07_F10,inner,1.0,96
B_recording,all,cnn,KI04,N09_M07_F10,inner,0.6354166666666666,96
B_recording,all,cnn,KI04,N15_M01_F10,inner,0.9270833333333334,96
B_recording,all,cnn,KI04,N15_M07_F04,inner,0.9270833333333334,96
B_recording,all,cnn,KI04,N15_M07_F10,inner,0.96875,96
B_recording,all,cnn,KI05,N09_M07_F10,inner,0.0625,96
B_recording,all,cnn,KI05,N15_M01_F10,inner,0.90625,96
B_recording,all,cnn,KI05,N15_M07_F04,inner,0.7604166666666666,96
B_recording,all,cnn,KI05,N15_M07_F10,inner,0.78125,96
B_recording,all,cnn,KI07,N09_M07_F10,inner,0.4270833333333333,96
B_recording,all,cnn,KI07,N15_M01_F10,inner,0.9375,96
B_recording,all,cnn,KI07,N15_M07_F04,inner,1.0,96
B_recording,all,cnn,KI07,N15_M07_F10,inner,0.96875,96
B_recording,all,cnn,KI08,N09_M07_F10,inner,0.8125,96
B_recording,all,cnn,KI08,N15_M01_F10,inner,0.9375,96
B_recording,all,cnn,KI08,N15_M07_F04,inner,1.0,96
B_recording,all,cnn,KI08,N15_M07_F10,inner,0.8854166666666666,96
B_recording,all,cnn,KI14,N09_M07_F10,inner,1.0,96
B_recording,all,cnn,KI14,N15_M01_F10,inner,1.0,96
B_recording,all,cnn,KI14,N15_M07_F04,inner,1.0,96
B_recording,all,cnn,KI14,N15_M07_F10,inner,1.0,96
B_recording,all,cnn,KI16,N09_M07_F10,inner,0.8958333333333334,96
B_recording,all,cnn,KI16,N15_M01_F10,inner,1.0,96
B_recording,all,cnn,KI16,N15_M07_F04,inner,1.0,96
B_recording,all,cnn,KI16,N15_M07_F10,inner,1.0,96
B_recording,all,cnn,KI17,N09_M07_F10,inner,0.8229166666666666,96
B_recording,all,cnn,KI17,N15_M01_F10,inner,1.0,96
B_recording,all,cnn,KI17,N15_M07_F04,inner,1.0,96
B_recording,all,cnn,KI17,N15_M07_F10,inner,1.0,96
B_recording,all,cnn,KI18,N09_M07_F10,inner,0.9583333333333334,96
B_recording,all,cnn,KI18,N15_M01_F10,inner,1.0,96
B_recording,all,cnn,KI18,N15_M07_F04,inner,1.0,96
B_recording,all,cnn,KI18,N15_M07_F10,inner,1.0,96
B_recording,all,cnn,KI21,N09_M07_F10,inner,0.9895833333333334,96
B_recording,all,cnn,KI21,N15_M01_F10,inner,1.0,96
B_recording,all,cnn,KI21,N15_M07_F04,inner,1.0,96
B_recording,all,cnn,KI21,N15_M07_F10,inner,1.0,96
B2_bearing,all,rf,K004,N09_M07_F10,healthy,0.0,320
B2_bearing,all,rf,K004,N15_M01_F10,healthy,0.0,320
B2_bearing,all,rf,K004,N15_M07_F04,healthy,0.0,320
B2_bearing,all,rf,K004,N15_M07_F10,healthy,0.0,320
B2_bearing,all,rf,K005,N09_M07_F10,healthy,0.0,320
B2_bearing,all,rf,K005,N15_M01_F10,healthy,0.0,320
B2_bearing,all,rf,K005,N15_M07_F04,healthy,0.0,320
B2_bearing,all,rf,K005,N15_M07_F10,healthy,0.0,320
B2_bearing,all,rf,KA03,N09_M07_F10,outer,0.0,320
B2_bearing,all,rf,KA03,N15_M01_F10,outer,0.290625,320
B2_bearing,all,rf,KA03,N15_M07_F04,outer,0.0,320
B2_bearing,all,rf,KA03,N15_M07_F10,outer,0.0,320
B2_bearing,all,rf,KA09,N09_M07_F10,outer,0.30625,320
B2_bearing,all,rf,KA09,N15_M01_F10,outer,0.471875,320
B2_bearing,all,rf,KA09,N15_M07_F04,outer,0.5875,320
B2_bearing,all,rf,KA09,N15_M07_F10,outer,0.5125,320
B2_bearing,all,rf,KA15,N09_M07_F10,outer,0.0,320
B2_bearing,all,rf,KA15,N15_M01_F10,outer,0.090625,320
B2_bearing,all,rf,KA15,N15_M07_F04,outer,0.021875,320
B2_bearing,all,rf,KA15,N15_M07_F10,outer,0.009375,320
B2_bearing,all,rf,KA22,N09_M07_F10,outer,0.0,320
B2_bearing,all,rf,KA22,N15_M01_F10,outer,0.25,320
B2_bearing,all,rf,KA22,N15_M07_F04,outer,0.13125,320
B2_bearing,all,rf,KA22,N15_M07_F10,outer,0.134375,320
B2_bearing,all,rf,KI01,N09_M07_F10,inner,0.584375,320
B2_bearing,all,rf,KI01,N15_M01_F10,inner,0.265625,320
B2_bearing,all,rf,KI01,N15_M07_F04,inner,0.946875,320
B2_bearing,all,rf,KI01,N15_M07_F10,inner,0.434375,320
B2_bearing,all,rf,KI04,N09_M07_F10,inner,0.296875,320
B2_bearing,all,rf,KI04,N15_M01_F10,inner,0.4125,320
B2_bearing,all,rf,KI04,N15_M07_F04,inner,1.0,320
B2_bearing,all,rf,KI04,N15_M07_F10,inner,0.965625,320
B2_bearing,all,rf,KI05,N09_M07_F10,inner,0.021875,320
B2_bearing,all,rf,KI05,N15_M01_F10,inner,0.553125,320
B2_bearing,all,rf,KI05,N15_M07_F04,inner,0.984375,320
B2_bearing,all,rf,KI05,N15_M07_F10,inner,0.953125,320
B2_bearing,all,hgb,K004,N09_M07_F10,healthy,0.0,320
B2_bearing,all,hgb,K004,N15_M01_F10,healthy,0.0,320
B2_bearing,all,hgb,K004,N15_M07_F04,healthy,0.0,320
B2_bearing,all,hgb,K004,N15_M07_F10,healthy,0.0,320
B2_bearing,all,hgb,K005,N09_M07_F10,healthy,0.0,320
B2_bearing,all,hgb,K005,N15_M01_F10,healthy,0.0,320
B2_bearing,all,hgb,K005,N15_M07_F04,healthy,0.0,320
B2_bearing,all,hgb,K005,N15_M07_F10,healthy,0.0,320
B2_bearing,all,hgb,KA03,N09_M07_F10,outer,0.0,320
B2_bearing,all,hgb,KA03,N15_M01_F10,outer,0.353125,320
B2_bearing,all,hgb,KA03,N15_M07_F04,outer,0.0,320
B2_bearing,all,hgb,KA03,N15_M07_F10,outer,0.08125,320
B2_bearing,all,hgb,KA09,N09_M07_F10,outer,0.4,320
B2_bearing,all,hgb,KA09,N15_M01_F10,outer,0.028125,320
B2_bearing,all,hgb,KA09,N15_M07_F04,outer,0.15,320
B2_bearing,all,hgb,KA09,N15_M07_F10,outer,0.0625,320
B2_bearing,all,hgb,KA15,N09_M07_F10,outer,0.0,320
B2_bearing,all,hgb,KA15,N15_M01_F10,outer,0.0375,320
B2_bearing,all,hgb,KA15,N15_M07_F04,outer,0.009375,320
B2_bearing,all,hgb,KA15,N15_M07_F10,outer,0.00625,320
B2_bearing,all,hgb,KA22,N09_M07_F10,outer,0.0,320
B2_bearing,all,hgb,KA22,N15_M01_F10,outer,0.15,320
B2_bearing,all,hgb,KA22,N15_M07_F04,outer,0.071875,320
B2_bearing,all,hgb,KA22,N15_M07_F10,outer,0.065625,320
B2_bearing,all,hgb,KI01,N09_M07_F10,inner,0.096875,320
B2_bearing,all,hgb,KI01,N15_M01_F10,inner,0.24375,320
B2_bearing,all,hgb,KI01,N15_M07_F04,inner,0.70625,320
B2_bearing,all,hgb,KI01,N15_M07_F10,inner,0.296875,320
B2_bearing,all,hgb,KI04,N09_M07_F10,inner,0.11875,320
B2_bearing,all,hgb,KI04,N15_M01_F10,inner,0.025,320
B2_bearing,all,hgb,KI04,N15_M07_F04,inner,1.0,320
B2_bearing,all,hgb,KI04,N15_M07_F10,inner,0.4625,320
B2_bearing,all,hgb,KI05,N09_M07_F10,inner,0.003125,320
B2_bearing,all,hgb,KI05,N15_M01_F10,inner,0.003125,320
B2_bearing,all,hgb,KI05,N15_M07_F04,inner,0.95,320
B2_bearing,all,hgb,KI05,N15_M07_F10,inner,0.003125,320
B2_bearing,all,cnn,K004,N09_M07_F10,healthy,0.0,320
B2_bearing,all,cnn,K004,N15_M01_F10,healthy,0.053125,320
B2_bearing,all,cnn,K004,N15_M07_F04,healthy,0.071875,320
B2_bearing,all,cnn,K004,N15_M07_F10,healthy,0.0,320
B2_bearing,all,cnn,K005,N09_M07_F10,healthy,0.0,320
B2_bearing,all,cnn,K005,N15_M01_F10,healthy,0.021875,320
B2_bearing,all,cnn,K005,N15_M07_F04,healthy,0.0375,320
B2_bearing,all,cnn,K005,N15_M07_F10,healthy,0.009375,320
B2_bearing,all,cnn,KA03,N09_M07_F10,outer,0.0,320
B2_bearing,all,cnn,KA03,N15_M01_F10,outer,0.0,320
B2_bearing,all,cnn,KA03,N15_M07_F04,outer,0.0,320
B2_bearing,all,cnn,KA03,N15_M07_F10,outer,0.0,320
B2_bearing,all,cnn,KA09,N09_M07_F10,outer,0.9875,320
B2_bearing,all,cnn,KA09,N15_M01_F10,outer,0.934375,320
B2_bearing,all,cnn,KA09,N15_M07_F04,outer,0.984375,320
B2_bearing,all,cnn,KA09,N15_M07_F10,outer,0.99375,320
B2_bearing,all,cnn,KA15,N09_M07_F10,outer,0.0,320
B2_bearing,all,cnn,KA15,N15_M01_F10,outer,0.0,320
B2_bearing,all,cnn,KA15,N15_M07_F04,outer,0.0,320
B2_bearing,all,cnn,KA15,N15_M07_F10,outer,0.0,320
B2_bearing,all,cnn,KA22,N09_M07_F10,outer,0.0,320
B2_bearing,all,cnn,KA22,N15_M01_F10,outer,0.0,320
B2_bearing,all,cnn,KA22,N15_M07_F04,outer,0.0,320
B2_bearing,all,cnn,KA22,N15_M07_F10,outer,0.0,320
B2_bearing,all,cnn,KI01,N09_M07_F10,inner,0.0,320
B2_bearing,all,cnn,KI01,N15_M01_F10,inner,0.0,320
B2_bearing,all,cnn,KI01,N15_M07_F04,inner,0.0,320
B2_bearing,all,cnn,KI01,N15_M07_F10,inner,0.0,320
B2_bearing,all,cnn,KI04,N09_M07_F10,inner,0.0125,320
B2_bearing,all,cnn,KI04,N15_M01_F10,inner,0.0,320
B2_bearing,all,cnn,KI04,N15_M07_F04,inner,0.0,320
B2_bearing,all,cnn,KI04,N15_M07_F10,inner,0.0,320
B2_bearing,all,cnn,KI05,N09_M07_F10,inner,0.00625,320
B2_bearing,all,cnn,KI05,N15_M01_F10,inner,0.0,320
B2_bearing,all,cnn,KI05,N15_M07_F04,inner,0.0,320
B2_bearing,all,cnn,KI05,N15_M07_F10,inner,0.0,320
C_loco,N09_M07_F10,rf,K001,N09_M07_F10,healthy,1.0,320
C_loco,N09_M07_F10,rf,K002,N09_M07_F10,healthy,0.00625,320
C_loco,N09_M07_F10,rf,K003,N09_M07_F10,healthy,0.990625,320
C_loco,N09_M07_F10,rf,K004,N09_M07_F10,healthy,0.98125,320
C_loco,N09_M07_F10,rf,K005,N09_M07_F10,healthy,0.8625,320
C_loco,N09_M07_F10,rf,K006,N09_M07_F10,healthy,1.0,320
C_loco,N09_M07_F10,rf,KA01,N09_M07_F10,outer,0.93125,320
C_loco,N09_M07_F10,rf,KA03,N09_M07_F10,outer,0.0,320
C_loco,N09_M07_F10,rf,KA04,N09_M07_F10,outer,0.028125,320
C_loco,N09_M07_F10,rf,KA05,N09_M07_F10,outer,0.86875,320
C_loco,N09_M07_F10,rf,KA06,N09_M07_F10,outer,0.8375,320
C_loco,N09_M07_F10,rf,KA07,N09_M07_F10,outer,0.640625,320
C_loco,N09_M07_F10,rf,KA08,N09_M07_F10,outer,0.7625,320
C_loco,N09_M07_F10,rf,KA09,N09_M07_F10,outer,0.93125,320
C_loco,N09_M07_F10,rf,KA15,N09_M07_F10,outer,0.3,320
C_loco,N09_M07_F10,rf,KA16,N09_M07_F10,outer,0.525,320
C_loco,N09_M07_F10,rf,KA22,N09_M07_F10,outer,0.83125,320
C_loco,N09_M07_F10,rf,KA30,N09_M07_F10,outer,0.015625,320
C_loco,N09_M07_F10,rf,KI01,N09_M07_F10,inner,0.66875,320
C_loco,N09_M07_F10,rf,KI03,N09_M07_F10,inner,1.0,320
C_loco,N09_M07_F10,rf,KI04,N09_M07_F10,inner,0.98125,320
C_loco,N09_M07_F10,rf,KI05,N09_M07_F10,inner,1.0,320
C_loco,N09_M07_F10,rf,KI07,N09_M07_F10,inner,0.996875,320
C_loco,N09_M07_F10,rf,KI08,N09_M07_F10,inner,0.9875,320
C_loco,N09_M07_F10,rf,KI14,N09_M07_F10,inner,0.9625,320
C_loco,N09_M07_F10,rf,KI16,N09_M07_F10,inner,0.221875,320
C_loco,N09_M07_F10,rf,KI17,N09_M07_F10,inner,1.0,320
C_loco,N09_M07_F10,rf,KI18,N09_M07_F10,inner,0.08125,320
C_loco,N09_M07_F10,rf,KI21,N09_M07_F10,inner,0.090625,320
C_loco,N09_M07_F10,hgb,K001,N09_M07_F10,healthy,1.0,320
C_loco,N09_M07_F10,hgb,K002,N09_M07_F10,healthy,0.0,320
C_loco,N09_M07_F10,hgb,K003,N09_M07_F10,healthy,0.996875,320
C_loco,N09_M07_F10,hgb,K004,N09_M07_F10,healthy,0.975,320
C_loco,N09_M07_F10,hgb,K005,N09_M07_F10,healthy,0.95,320
C_loco,N09_M07_F10,hgb,K006,N09_M07_F10,healthy,1.0,320
C_loco,N09_M07_F10,hgb,KA01,N09_M07_F10,outer,0.0,320
C_loco,N09_M07_F10,hgb,KA03,N09_M07_F10,outer,0.0,320
C_loco,N09_M07_F10,hgb,KA04,N09_M07_F10,outer,0.090625,320
C_loco,N09_M07_F10,hgb,KA05,N09_M07_F10,outer,0.05625,320
C_loco,N09_M07_F10,hgb,KA06,N09_M07_F10,outer,0.003125,320
C_loco,N09_M07_F10,hgb,KA07,N09_M07_F10,outer,0.0,320
C_loco,N09_M07_F10,hgb,KA08,N09_M07_F10,outer,0.0,320
C_loco,N09_M07_F10,hgb,KA09,N09_M07_F10,outer,0.09375,320
C_loco,N09_M07_F10,hgb,KA15,N09_M07_F10,outer,0.003125,320
C_loco,N09_M07_F10,hgb,KA16,N09_M07_F10,outer,0.7875,320
C_loco,N09_M07_F10,hgb,KA22,N09_M07_F10,outer,0.11875,320
C_loco,N09_M07_F10,hgb,KA30,N09_M07_F10,outer,0.003125,320
C_loco,N09_M07_F10,hgb,KI01,N09_M07_F10,inner,0.6875,320
C_loco,N09_M07_F10,hgb,KI03,N09_M07_F10,inner,1.0,320
C_loco,N09_M07_F10,hgb,KI04,N09_M07_F10,inner,0.9875,320
C_loco,N09_M07_F10,hgb,KI05,N09_M07_F10,inner,1.0,320
C_loco,N09_M07_F10,hgb,KI07,N09_M07_F10,inner,1.0,320
C_loco,N09_M07_F10,hgb,KI08,N09_M07_F10,inner,1.0,320
C_loco,N09_M07_F10,hgb,KI14,N09_M07_F10,inner,1.0,320
C_loco,N09_M07_F10,hgb,KI16,N09_M07_F10,inner,0.3625,320
C_loco,N09_M07_F10,hgb,KI17,N09_M07_F10,inner,1.0,320
C_loco,N09_M07_F10,hgb,KI18,N09_M07_F10,inner,0.565625,320
C_loco,N09_M07_F10,hgb,KI21,N09_M07_F10,inner,0.15,320
C_loco,N09_M07_F10,cnn,K001,N09_M07_F10,healthy,1.0,320
C_loco,N09_M07_F10,cnn,K002,N09_M07_F10,healthy,1.0,320
C_loco,N09_M07_F10,cnn,K003,N09_M07_F10,healthy,1.0,320
C_loco,N09_M07_F10,cnn,K004,N09_M07_F10,healthy,1.0,320
C_loco,N09_M07_F10,cnn,K005,N09_M07_F10,healthy,1.0,320
C_loco,N09_M07_F10,cnn,K006,N09_M07_F10,healthy,1.0,320
C_loco,N09_M07_F10,cnn,KA01,N09_M07_F10,outer,0.0,320
C_loco,N09_M07_F10,cnn,KA03,N09_M07_F10,outer,0.928125,320
C_loco,N09_M07_F10,cnn,KA04,N09_M07_F10,outer,0.996875,320
C_loco,N09_M07_F10,cnn,KA05,N09_M07_F10,outer,0.0,320
C_loco,N09_M07_F10,cnn,KA06,N09_M07_F10,outer,0.0,320
C_loco,N09_M07_F10,cnn,KA07,N09_M07_F10,outer,0.0,320
C_loco,N09_M07_F10,cnn,KA08,N09_M07_F10,outer,0.0,320
C_loco,N09_M07_F10,cnn,KA09,N09_M07_F10,outer,0.0,320
C_loco,N09_M07_F10,cnn,KA15,N09_M07_F10,outer,0.240625,320
C_loco,N09_M07_F10,cnn,KA16,N09_M07_F10,outer,1.0,320
C_loco,N09_M07_F10,cnn,KA22,N09_M07_F10,outer,0.0,320
C_loco,N09_M07_F10,cnn,KA30,N09_M07_F10,outer,0.003125,320
C_loco,N09_M07_F10,cnn,KI01,N09_M07_F10,inner,0.0,320
C_loco,N09_M07_F10,cnn,KI03,N09_M07_F10,inner,0.0,320
C_loco,N09_M07_F10,cnn,KI04,N09_M07_F10,inner,0.0,320
C_loco,N09_M07_F10,cnn,KI05,N09_M07_F10,inner,0.0,320
C_loco,N09_M07_F10,cnn,KI07,N09_M07_F10,inner,0.0,320
C_loco,N09_M07_F10,cnn,KI08,N09_M07_F10,inner,0.0,320
C_loco,N09_M07_F10,cnn,KI14,N09_M07_F10,inner,0.0,320
C_loco,N09_M07_F10,cnn,KI16,N09_M07_F10,inner,0.0,320
C_loco,N09_M07_F10,cnn,KI17,N09_M07_F10,inner,0.0,320
C_loco,N09_M07_F10,cnn,KI18,N09_M07_F10,inner,0.0,320
C_loco,N09_M07_F10,cnn,KI21,N09_M07_F10,inner,0.0,320
C_loco,N15_M01_F10,rf,K001,N15_M01_F10,healthy,0.99375,320
C_loco,N15_M01_F10,rf,K002,N15_M01_F10,healthy,0.0,320
C_loco,N15_M01_F10,rf,K003,N15_M01_F10,healthy,0.99375,320
C_loco,N15_M01_F10,rf,K004,N15_M01_F10,healthy,0.95,320
C_loco,N15_M01_F10,rf,K005,N15_M01_F10,healthy,0.0,320
C_loco,N15_M01_F10,rf,K006,N15_M01_F10,healthy,1.0,320
C_loco,N15_M01_F10,rf,KA01,N15_M01_F10,outer,1.0,320
C_loco,N15_M01_F10,rf,KA03,N15_M01_F10,outer,0.9875,320
C_loco,N15_M01_F10,rf,KA04,N15_M01_F10,outer,1.0,320
C_loco,N15_M01_F10,rf,KA05,N15_M01_F10,outer,0.990625,320
C_loco,N15_M01_F10,rf,KA06,N15_M01_F10,outer,0.959375,320
C_loco,N15_M01_F10,rf,KA07,N15_M01_F10,outer,0.765625,320
C_loco,N15_M01_F10,rf,KA08,N15_M01_F10,outer,0.7927631578947368,304
C_loco,N15_M01_F10,rf,KA09,N15_M01_F10,outer,0.99375,320
C_loco,N15_M01_F10,rf,KA15,N15_M01_F10,outer,0.81875,320
C_loco,N15_M01_F10,rf,KA16,N15_M01_F10,outer,1.0,320
C_loco,N15_M01_F10,rf,KA22,N15_M01_F10,outer,0.978125,320
C_loco,N15_M01_F10,rf,KA30,N15_M01_F10,outer,1.0,320
C_loco,N15_M01_F10,rf,KI01,N15_M01_F10,inner,1.0,320
C_loco,N15_M01_F10,rf,KI03,N15_M01_F10,inner,0.996875,320
C_loco,N15_M01_F10,rf,KI04,N15_M01_F10,inner,0.0,320
C_loco,N15_M01_F10,rf,KI05,N15_M01_F10,inner,1.0,320
C_loco,N15_M01_F10,rf,KI07,N15_M01_F10,inner,1.0,320
C_loco,N15_M01_F10,rf,KI08,N15_M01_F10,inner,0.0,320
C_loco,N15_M01_F10,rf,KI14,N15_M01_F10,inner,1.0,320
C_loco,N15_M01_F10,rf,KI16,N15_M01_F10,inner,0.89375,320
C_loco,N15_M01_F10,rf,KI17,N15_M01_F10,inner,0.959375,320
C_loco,N15_M01_F10,rf,KI18,N15_M01_F10,inner,0.903125,320
C_loco,N15_M01_F10,rf,KI21,N15_M01_F10,inner,0.015625,320
C_loco,N15_M01_F10,hgb,K001,N15_M01_F10,healthy,0.990625,320
C_loco,N15_M01_F10,hgb,K002,N15_M01_F10,healthy,0.0,320
C_loco,N15_M01_F10,hgb,K003,N15_M01_F10,healthy,0.89375,320
C_loco,N15_M01_F10,hgb,K004,N15_M01_F10,healthy,0.296875,320
C_loco,N15_M01_F10,hgb,K005,N15_M01_F10,healthy,0.91875,320
C_loco,N15_M01_F10,hgb,K006,N15_M01_F10,healthy,0.996875,320
C_loco,N15_M01_F10,hgb,KA01,N15_M01_F10,outer,1.0,320
C_loco,N15_M01_F10,hgb,KA03,N15_M01_F10,outer,0.915625,320
C_loco,N15_M01_F10,hgb,KA04,N15_M01_F10,outer,1.0,320
C_loco,N15_M01_F10,hgb,KA05,N15_M01_F10,outer,0.584375,320
C_loco,N15_M01_F10,hgb,KA06,N15_M01_F10,outer,0.953125,320
C_loco,N15_M01_F10,hgb,KA07,N15_M01_F10,outer,0.31875,320
C_loco,N15_M01_F10,hgb,KA08,N15_M01_F10,outer,0.05263157894736842,304
C_loco,N15_M01_F10,hgb,KA09,N15_M01_F10,outer,0.96875,320
C_loco,N15_M01_F10,hgb,KA15,N15_M01_F10,outer,0.0,320
C_loco,N15_M01_F10,hgb,KA16,N15_M01_F10,outer,1.0,320
C_loco,N15_M01_F10,hgb,KA22,N15_M01_F10,outer,0.265625,320
C_loco,N15_M01_F10,hgb,KA30,N15_M01_F10,outer,1.0,320
C_loco,N15_M01_F10,hgb,KI01,N15_M01_F10,inner,1.0,320
C_loco,N15_M01_F10,hgb,KI03,N15_M01_F10,inner,1.0,320
C_loco,N15_M01_F10,hgb,KI04,N15_M01_F10,inner,0.0,320
C_loco,N15_M01_F10,hgb,KI05,N15_M01_F10,inner,1.0,320
C_loco,N15_M01_F10,hgb,KI07,N15_M01_F10,inner,1.0,320
C_loco,N15_M01_F10,hgb,KI08,N15_M01_F10,inner,0.0125,320
C_loco,N15_M01_F10,hgb,KI14,N15_M01_F10,inner,1.0,320
C_loco,N15_M01_F10,hgb,KI16,N15_M01_F10,inner,1.0,320
C_loco,N15_M01_F10,hgb,KI17,N15_M01_F10,inner,0.990625,320
C_loco,N15_M01_F10,hgb,KI18,N15_M01_F10,inner,1.0,320
C_loco,N15_M01_F10,hgb,KI21,N15_M01_F10,inner,0.996875,320
C_loco,N15_M01_F10,cnn,K001,N15_M01_F10,healthy,0.0,320
C_loco,N15_M01_F10,cnn,K002,N15_M01_F10,healthy,0.0,320
C_loco,N15_M01_F10,cnn,K003,N15_M01_F10,healthy,0.0,320
C_loco,N15_M01_F10,cnn,K004,N15_M01_F10,healthy,0.0,320
C_loco,N15_M01_F10,cnn,K005,N15_M01_F10,healthy,0.0,320
C_loco,N15_M01_F10,cnn,K006,N15_M01_F10,healthy,0.0,320
C_loco,N15_M01_F10,cnn,KA01,N15_M01_F10,outer,1.0,320
C_loco,N15_M01_F10,cnn,KA03,N15_M01_F10,outer,0.0,320
C_loco,N15_M01_F10,cnn,KA04,N15_M01_F10,outer,1.0,320
C_loco,N15_M01_F10,cnn,KA05,N15_M01_F10,outer,1.0,320
C_loco,N15_M01_F10,cnn,KA06,N15_M01_F10,outer,1.0,320
C_loco,N15_M01_F10,cnn,KA07,N15_M01_F10,outer,1.0,320
C_loco,N15_M01_F10,cnn,KA08,N15_M01_F10,outer,1.0,304
C_loco,N15_M01_F10,cnn,KA09,N15_M01_F10,outer,1.0,320
C_loco,N15_M01_F10,cnn,KA15,N15_M01_F10,outer,0.0,320
C_loco,N15_M01_F10,cnn,KA16,N15_M01_F10,outer,1.0,320
C_loco,N15_M01_F10,cnn,KA22,N15_M01_F10,outer,0.140625,320
C_loco,N15_M01_F10,cnn,KA30,N15_M01_F10,outer,0.753125,320
C_loco,N15_M01_F10,cnn,KI01,N15_M01_F10,inner,0.56875,320
C_loco,N15_M01_F10,cnn,KI03,N15_M01_F10,inner,1.0,320
C_loco,N15_M01_F10,cnn,KI04,N15_M01_F10,inner,0.3125,320
C_loco,N15_M01_F10,cnn,KI05,N15_M01_F10,inner,0.98125,320
C_loco,N15_M01_F10,cnn,KI07,N15_M01_F10,inner,0.63125,320
C_loco,N15_M01_F10,cnn,KI08,N15_M01_F10,inner,0.765625,320
C_loco,N15_M01_F10,cnn,KI14,N15_M01_F10,inner,0.996875,320
C_loco,N15_M01_F10,cnn,KI16,N15_M01_F10,inner,1.0,320
C_loco,N15_M01_F10,cnn,KI17,N15_M01_F10,inner,0.790625,320
C_loco,N15_M01_F10,cnn,KI18,N15_M01_F10,inner,0.471875,320
C_loco,N15_M01_F10,cnn,KI21,N15_M01_F10,inner,1.0,320
C_loco,N15_M07_F04,rf,K001,N15_M07_F04,healthy,1.0,320
C_loco,N15_M07_F04,rf,K002,N15_M07_F04,healthy,0.821875,320
C_loco,N15_M07_F04,rf,K003,N15_M07_F04,healthy,0.99375,320
C_loco,N15_M07_F04,rf,K004,N15_M07_F04,healthy,0.925,320
C_loco,N15_M07_F04,rf,K005,N15_M07_F04,healthy,0.646875,320
C_loco,N15_M07_F04,rf,K006,N15_M07_F04,healthy,1.0,320
C_loco,N15_M07_F04,rf,KA01,N15_M07_F04,outer,1.0,320
C_loco,N15_M07_F04,rf,KA03,N15_M07_F04,outer,0.0,320
C_loco,N15_M07_F04,rf,KA04,N15_M07_F04,outer,1.0,320
C_loco,N15_M07_F04,rf,KA05,N15_M07_F04,outer,1.0,320
C_loco,N15_M07_F04,rf,KA06,N15_M07_F04,outer,1.0,320
C_loco,N15_M07_F04,rf,KA07,N15_M07_F04,outer,0.990625,320
C_loco,N15_M07_F04,rf,KA08,N15_M07_F04,outer,0.99375,320
C_loco,N15_M07_F04,rf,KA09,N15_M07_F04,outer,0.99375,320
C_loco,N15_M07_F04,rf,KA15,N15_M07_F04,outer,1.0,320
C_loco,N15_M07_F04,rf,KA16,N15_M07_F04,outer,0.95,320
C_loco,N15_M07_F04,rf,KA22,N15_M07_F04,outer,0.978125,320
C_loco,N15_M07_F04,rf,KA30,N15_M07_F04,outer,0.06875,320
C_loco,N15_M07_F04,rf,KI01,N15_M07_F04,inner,1.0,320
C_loco,N15_M07_F04,rf,KI03,N15_M07_F04,inner,0.9625,320
C_loco,N15_M07_F04,rf,KI04,N15_M07_F04,inner,1.0,320
C_loco,N15_M07_F04,rf,KI05,N15_M07_F04,inner,0.990625,320
C_loco,N15_M07_F04,rf,KI07,N15_M07_F04,inner,0.98125,320
C_loco,N15_M07_F04,rf,KI08,N15_M07_F04,inner,0.990625,320
C_loco,N15_M07_F04,rf,KI14,N15_M07_F04,inner,0.875,320
C_loco,N15_M07_F04,rf,KI16,N15_M07_F04,inner,0.940625,320
C_loco,N15_M07_F04,rf,KI17,N15_M07_F04,inner,1.0,320
C_loco,N15_M07_F04,rf,KI18,N15_M07_F04,inner,0.996875,320
C_loco,N15_M07_F04,rf,KI21,N15_M07_F04,inner,0.959375,320
C_loco,N15_M07_F04,hgb,K001,N15_M07_F04,healthy,1.0,320
C_loco,N15_M07_F04,hgb,K002,N15_M07_F04,healthy,0.6625,320
C_loco,N15_M07_F04,hgb,K003,N15_M07_F04,healthy,0.996875,320
C_loco,N15_M07_F04,hgb,K004,N15_M07_F04,healthy,1.0,320
C_loco,N15_M07_F04,hgb,K005,N15_M07_F04,healthy,0.940625,320
C_loco,N15_M07_F04,hgb,K006,N15_M07_F04,healthy,1.0,320
C_loco,N15_M07_F04,hgb,KA01,N15_M07_F04,outer,1.0,320
C_loco,N15_M07_F04,hgb,KA03,N15_M07_F04,outer,0.0,320
C_loco,N15_M07_F04,hgb,KA04,N15_M07_F04,outer,1.0,320
C_loco,N15_M07_F04,hgb,KA05,N15_M07_F04,outer,1.0,320
C_loco,N15_M07_F04,hgb,KA06,N15_M07_F04,outer,1.0,320
C_loco,N15_M07_F04,hgb,KA07,N15_M07_F04,outer,0.990625,320
C_loco,N15_M07_F04,hgb,KA08,N15_M07_F04,outer,0.978125,320
C_loco,N15_M07_F04,hgb,KA09,N15_M07_F04,outer,1.0,320
C_loco,N15_M07_F04,hgb,KA15,N15_M07_F04,outer,0.996875,320
C_loco,N15_M07_F04,hgb,KA16,N15_M07_F04,outer,0.865625,320
C_loco,N15_M07_F04,hgb,KA22,N15_M07_F04,outer,0.99375,320
C_loco,N15_M07_F04,hgb,KA30,N15_M07_F04,outer,0.034375,320
C_loco,N15_M07_F04,hgb,KI01,N15_M07_F04,inner,1.0,320
C_loco,N15_M07_F04,hgb,KI03,N15_M07_F04,inner,0.9125,320
C_loco,N15_M07_F04,hgb,KI04,N15_M07_F04,inner,1.0,320
C_loco,N15_M07_F04,hgb,KI05,N15_M07_F04,inner,0.99375,320
C_loco,N15_M07_F04,hgb,KI07,N15_M07_F04,inner,0.690625,320
C_loco,N15_M07_F04,hgb,KI08,N15_M07_F04,inner,1.0,320
C_loco,N15_M07_F04,hgb,KI14,N15_M07_F04,inner,0.909375,320
C_loco,N15_M07_F04,hgb,KI16,N15_M07_F04,inner,0.928125,320
C_loco,N15_M07_F04,hgb,KI17,N15_M07_F04,inner,1.0,320
C_loco,N15_M07_F04,hgb,KI18,N15_M07_F04,inner,1.0,320
C_loco,N15_M07_F04,hgb,KI21,N15_M07_F04,inner,0.9625,320
C_loco,N15_M07_F04,cnn,K001,N15_M07_F04,healthy,1.0,320
C_loco,N15_M07_F04,cnn,K002,N15_M07_F04,healthy,0.99375,320
C_loco,N15_M07_F04,cnn,K003,N15_M07_F04,healthy,1.0,320
C_loco,N15_M07_F04,cnn,K004,N15_M07_F04,healthy,1.0,320
C_loco,N15_M07_F04,cnn,K005,N15_M07_F04,healthy,1.0,320
C_loco,N15_M07_F04,cnn,K006,N15_M07_F04,healthy,1.0,320
C_loco,N15_M07_F04,cnn,KA01,N15_M07_F04,outer,1.0,320
C_loco,N15_M07_F04,cnn,KA03,N15_M07_F04,outer,0.471875,320
C_loco,N15_M07_F04,cnn,KA04,N15_M07_F04,outer,0.0,320
C_loco,N15_M07_F04,cnn,KA05,N15_M07_F04,outer,0.321875,320
C_loco,N15_M07_F04,cnn,KA06,N15_M07_F04,outer,0.5,320
C_loco,N15_M07_F04,cnn,KA07,N15_M07_F04,outer,0.0,320
C_loco,N15_M07_F04,cnn,KA08,N15_M07_F04,outer,0.415625,320
C_loco,N15_M07_F04,cnn,KA09,N15_M07_F04,outer,0.996875,320
C_loco,N15_M07_F04,cnn,KA15,N15_M07_F04,outer,0.96875,320
C_loco,N15_M07_F04,cnn,KA16,N15_M07_F04,outer,0.0,320
C_loco,N15_M07_F04,cnn,KA22,N15_M07_F04,outer,1.0,320
C_loco,N15_M07_F04,cnn,KA30,N15_M07_F04,outer,0.0,320
C_loco,N15_M07_F04,cnn,KI01,N15_M07_F04,inner,0.990625,320
C_loco,N15_M07_F04,cnn,KI03,N15_M07_F04,inner,0.0,320
C_loco,N15_M07_F04,cnn,KI04,N15_M07_F04,inner,1.0,320
C_loco,N15_M07_F04,cnn,KI05,N15_M07_F04,inner,0.0,320
C_loco,N15_M07_F04,cnn,KI07,N15_M07_F04,inner,0.934375,320
C_loco,N15_M07_F04,cnn,KI08,N15_M07_F04,inner,0.865625,320
C_loco,N15_M07_F04,cnn,KI14,N15_M07_F04,inner,0.93125,320
C_loco,N15_M07_F04,cnn,KI16,N15_M07_F04,inner,0.984375,320
C_loco,N15_M07_F04,cnn,KI17,N15_M07_F04,inner,1.0,320
C_loco,N15_M07_F04,cnn,KI18,N15_M07_F04,inner,1.0,320
C_loco,N15_M07_F04,cnn,KI21,N15_M07_F04,inner,1.0,320
C_loco,N15_M07_F10,rf,K001,N15_M07_F10,healthy,1.0,320
C_loco,N15_M07_F10,rf,K002,N15_M07_F10,healthy,1.0,320
C_loco,N15_M07_F10,rf,K003,N15_M07_F10,healthy,1.0,320
C_loco,N15_M07_F10,rf,K004,N15_M07_F10,healthy,1.0,320
C_loco,N15_M07_F10,rf,K005,N15_M07_F10,healthy,0.803125,320
C_loco,N15_M07_F10,rf,K006,N15_M07_F10,healthy,1.0,320
C_loco,N15_M07_F10,rf,KA01,N15_M07_F10,outer,1.0,320
C_loco,N15_M07_F10,rf,KA03,N15_M07_F10,outer,0.43125,320
C_loco,N15_M07_F10,rf,KA04,N15_M07_F10,outer,1.0,320
C_loco,N15_M07_F10,rf,KA05,N15_M07_F10,outer,0.965625,320
C_loco,N15_M07_F10,rf,KA06,N15_M07_F10,outer,1.0,320
C_loco,N15_M07_F10,rf,KA07,N15_M07_F10,outer,0.984375,320
C_loco,N15_M07_F10,rf,KA08,N15_M07_F10,outer,0.996875,320
C_loco,N15_M07_F10,rf,KA09,N15_M07_F10,outer,0.99375,320
C_loco,N15_M07_F10,rf,KA15,N15_M07_F10,outer,0.996875,320
C_loco,N15_M07_F10,rf,KA16,N15_M07_F10,outer,1.0,320
C_loco,N15_M07_F10,rf,KA22,N15_M07_F10,outer,1.0,320
C_loco,N15_M07_F10,rf,KA30,N15_M07_F10,outer,0.659375,320
C_loco,N15_M07_F10,rf,KI01,N15_M07_F10,inner,1.0,320
C_loco,N15_M07_F10,rf,KI03,N15_M07_F10,inner,0.996875,320
C_loco,N15_M07_F10,rf,KI04,N15_M07_F10,inner,1.0,320
C_loco,N15_M07_F10,rf,KI05,N15_M07_F10,inner,0.984375,320
C_loco,N15_M07_F10,rf,KI07,N15_M07_F10,inner,0.9875,320
C_loco,N15_M07_F10,rf,KI08,N15_M07_F10,inner,0.94375,320
C_loco,N15_M07_F10,rf,KI14,N15_M07_F10,inner,0.8625,320
C_loco,N15_M07_F10,rf,KI16,N15_M07_F10,inner,1.0,320
C_loco,N15_M07_F10,rf,KI17,N15_M07_F10,inner,1.0,320
C_loco,N15_M07_F10,rf,KI18,N15_M07_F10,inner,1.0,320
C_loco,N15_M07_F10,rf,KI21,N15_M07_F10,inner,1.0,320
C_loco,N15_M07_F10,hgb,K001,N15_M07_F10,healthy,1.0,320
C_loco,N15_M07_F10,hgb,K002,N15_M07_F10,healthy,1.0,320
C_loco,N15_M07_F10,hgb,K003,N15_M07_F10,healthy,1.0,320
C_loco,N15_M07_F10,hgb,K004,N15_M07_F10,healthy,1.0,320
C_loco,N15_M07_F10,hgb,K005,N15_M07_F10,healthy,0.95,320
C_loco,N15_M07_F10,hgb,K006,N15_M07_F10,healthy,1.0,320
C_loco,N15_M07_F10,hgb,KA01,N15_M07_F10,outer,1.0,320
C_loco,N15_M07_F10,hgb,KA03,N15_M07_F10,outer,1.0,320
C_loco,N15_M07_F10,hgb,KA04,N15_M07_F10,outer,1.0,320
C_loco,N15_M07_F10,hgb,KA05,N15_M07_F10,outer,0.996875,320
C_loco,N15_M07_F10,hgb,KA06,N15_M07_F10,outer,1.0,320
C_loco,N15_M07_F10,hgb,KA07,N15_M07_F10,outer,0.978125,320
C_loco,N15_M07_F10,hgb,KA08,N15_M07_F10,outer,0.9875,320
C_loco,N15_M07_F10,hgb,KA09,N15_M07_F10,outer,1.0,320
C_loco,N15_M07_F10,hgb,KA15,N15_M07_F10,outer,1.0,320
C_loco,N15_M07_F10,hgb,KA16,N15_M07_F10,outer,1.0,320
C_loco,N15_M07_F10,hgb,KA22,N15_M07_F10,outer,1.0,320
C_loco,N15_M07_F10,hgb,KA30,N15_M07_F10,outer,0.91875,320
C_loco,N15_M07_F10,hgb,KI01,N15_M07_F10,inner,1.0,320
C_loco,N15_M07_F10,hgb,KI03,N15_M07_F10,inner,0.884375,320
C_loco,N15_M07_F10,hgb,KI04,N15_M07_F10,inner,1.0,320
C_loco,N15_M07_F10,hgb,KI05,N15_M07_F10,inner,0.940625,320
C_loco,N15_M07_F10,hgb,KI07,N15_M07_F10,inner,1.0,320
C_loco,N15_M07_F10,hgb,KI08,N15_M07_F10,inner,0.8125,320
C_loco,N15_M07_F10,hgb,KI14,N15_M07_F10,inner,0.90625,320
C_loco,N15_M07_F10,hgb,KI16,N15_M07_F10,inner,1.0,320
C_loco,N15_M07_F10,hgb,KI17,N15_M07_F10,inner,1.0,320
C_loco,N15_M07_F10,hgb,KI18,N15_M07_F10,inner,0.990625,320
C_loco,N15_M07_F10,hgb,KI21,N15_M07_F10,inner,1.0,320
C_loco,N15_M07_F10,cnn,K001,N15_M07_F10,healthy,0.715625,320
C_loco,N15_M07_F10,cnn,K002,N15_M07_F10,healthy,0.953125,320
C_loco,N15_M07_F10,cnn,K003,N15_M07_F10,healthy,0.6875,320
C_loco,N15_M07_F10,cnn,K004,N15_M07_F10,healthy,0.68125,320
C_loco,N15_M07_F10,cnn,K005,N15_M07_F10,healthy,0.978125,320
C_loco,N15_M07_F10,cnn,K006,N15_M07_F10,healthy,0.99375,320
C_loco,N15_M07_F10,cnn,KA01,N15_M07_F10,outer,1.0,320
C_loco,N15_M07_F10,cnn,KA03,N15_M07_F10,outer,1.0,320
C_loco,N15_M07_F10,cnn,KA04,N15_M07_F10,outer,1.0,320
C_loco,N15_M07_F10,cnn,KA05,N15_M07_F10,outer,1.0,320
C_loco,N15_M07_F10,cnn,KA06,N15_M07_F10,outer,1.0,320
C_loco,N15_M07_F10,cnn,KA07,N15_M07_F10,outer,1.0,320
C_loco,N15_M07_F10,cnn,KA08,N15_M07_F10,outer,1.0,320
C_loco,N15_M07_F10,cnn,KA09,N15_M07_F10,outer,1.0,320
C_loco,N15_M07_F10,cnn,KA15,N15_M07_F10,outer,0.984375,320
C_loco,N15_M07_F10,cnn,KA16,N15_M07_F10,outer,0.996875,320
C_loco,N15_M07_F10,cnn,KA22,N15_M07_F10,outer,1.0,320
C_loco,N15_M07_F10,cnn,KA30,N15_M07_F10,outer,0.984375,320
C_loco,N15_M07_F10,cnn,KI01,N15_M07_F10,inner,0.996875,320
C_loco,N15_M07_F10,cnn,KI03,N15_M07_F10,inner,0.484375,320
C_loco,N15_M07_F10,cnn,KI04,N15_M07_F10,inner,0.884375,320
C_loco,N15_M07_F10,cnn,KI05,N15_M07_F10,inner,0.003125,320
C_loco,N15_M07_F10,cnn,KI07,N15_M07_F10,inner,0.4625,320
C_loco,N15_M07_F10,cnn,KI08,N15_M07_F10,inner,0.43125,320
C_loco,N15_M07_F10,cnn,KI14,N15_M07_F10,inner,1.0,320
C_loco,N15_M07_F10,cnn,KI16,N15_M07_F10,inner,0.99375,320
C_loco,N15_M07_F10,cnn,KI17,N15_M07_F10,inner,0.98125,320
C_loco,N15_M07_F10,cnn,KI18,N15_M07_F10,inner,0.825,320
C_loco,N15_M07_F10,cnn,KI21,N15_M07_F10,inner,0.996875,320
D_artificial_to_real,all,rf,K004,N09_M07_F10,healthy,0.0,320
D_artificial_to_real,all,rf,K004,N15_M01_F10,healthy,0.0,320
D_artificial_to_real,all,rf,K004,N15_M07_F04,healthy,0.0,320
D_artificial_to_real,all,rf,K004,N15_M07_F10,healthy,0.0,320
D_artificial_to_real,all,rf,K005,N09_M07_F10,healthy,0.0,320
D_artificial_to_real,all,rf,K005,N15_M01_F10,healthy,0.0,320
D_artificial_to_real,all,rf,K005,N15_M07_F04,healthy,0.0125,320
D_artificial_to_real,all,rf,K005,N15_M07_F10,healthy,0.0,320
D_artificial_to_real,all,rf,K006,N09_M07_F10,healthy,1.0,320
D_artificial_to_real,all,rf,K006,N15_M01_F10,healthy,1.0,320
D_artificial_to_real,all,rf,K006,N15_M07_F04,healthy,1.0,320
D_artificial_to_real,all,rf,K006,N15_M07_F10,healthy,1.0,320
D_artificial_to_real,all,rf,KA04,N09_M07_F10,outer,0.0,320
D_artificial_to_real,all,rf,KA04,N15_M01_F10,outer,0.0,320
D_artificial_to_real,all,rf,KA04,N15_M07_F04,outer,0.0,320
D_artificial_to_real,all,rf,KA04,N15_M07_F10,outer,0.0,320
D_artificial_to_real,all,rf,KA15,N09_M07_F10,outer,0.996875,320
D_artificial_to_real,all,rf,KA15,N15_M01_F10,outer,1.0,320
D_artificial_to_real,all,rf,KA15,N15_M07_F04,outer,0.996875,320
D_artificial_to_real,all,rf,KA15,N15_M07_F10,outer,1.0,320
D_artificial_to_real,all,rf,KA16,N09_M07_F10,outer,0.0,320
D_artificial_to_real,all,rf,KA16,N15_M01_F10,outer,0.0,320
D_artificial_to_real,all,rf,KA16,N15_M07_F04,outer,0.0,320
D_artificial_to_real,all,rf,KA16,N15_M07_F10,outer,0.0,320
D_artificial_to_real,all,rf,KA22,N09_M07_F10,outer,0.996875,320
D_artificial_to_real,all,rf,KA22,N15_M01_F10,outer,0.996875,320
D_artificial_to_real,all,rf,KA22,N15_M07_F04,outer,1.0,320
D_artificial_to_real,all,rf,KA22,N15_M07_F10,outer,1.0,320
D_artificial_to_real,all,rf,KA30,N09_M07_F10,outer,0.015625,320
D_artificial_to_real,all,rf,KA30,N15_M01_F10,outer,0.003125,320
D_artificial_to_real,all,rf,KA30,N15_M07_F04,outer,0.0,320
D_artificial_to_real,all,rf,KA30,N15_M07_F10,outer,0.0,320
D_artificial_to_real,all,rf,KI04,N09_M07_F10,inner,0.98125,320
D_artificial_to_real,all,rf,KI04,N15_M01_F10,inner,1.0,320
D_artificial_to_real,all,rf,KI04,N15_M07_F04,inner,0.5,320
D_artificial_to_real,all,rf,KI04,N15_M07_F10,inner,0.615625,320
D_artificial_to_real,all,rf,KI14,N09_M07_F10,inner,0.0,320
D_artificial_to_real,all,rf,KI14,N15_M01_F10,inner,0.0,320
D_artificial_to_real,all,rf,KI14,N15_M07_F04,inner,0.0,320
D_artificial_to_real,all,rf,KI14,N15_M07_F10,inner,0.0,320
D_artificial_to_real,all,rf,KI16,N09_M07_F10,inner,0.0,320
D_artificial_to_real,all,rf,KI16,N15_M01_F10,inner,0.634375,320
D_artificial_to_real,all,rf,KI16,N15_M07_F04,inner,0.48125,320
D_artificial_to_real,all,rf,KI16,N15_M07_F10,inner,0.51875,320
D_artificial_to_real,all,rf,KI17,N09_M07_F10,inner,1.0,320
D_artificial_to_real,all,rf,KI17,N15_M01_F10,inner,0.9625,320
D_artificial_to_real,all,rf,KI17,N15_M07_F04,inner,0.971875,320
D_artificial_to_real,all,rf,KI17,N15_M07_F10,inner,0.509375,320
D_artificial_to_real,all,rf,KI18,N09_M07_F10,inner,0.0,320
D_artificial_to_real,all,rf,KI18,N15_M01_F10,inner,0.73125,320
D_artificial_to_real,all,rf,KI18,N15_M07_F04,inner,0.65625,320
D_artificial_to_real,all,rf,KI18,N15_M07_F10,inner,0.125,320
D_artificial_to_real,all,rf,KI21,N09_M07_F10,inner,0.0,320
D_artificial_to_real,all,rf,KI21,N15_M01_F10,inner,0.0,320
D_artificial_to_real,all,rf,KI21,N15_M07_F04,inner,0.0,320
D_artificial_to_real,all,rf,KI21,N15_M07_F10,inner,0.0,320
D_artificial_to_real,all,hgb,K004,N09_M07_F10,healthy,0.0,320
D_artificial_to_real,all,hgb,K004,N15_M01_F10,healthy,0.0,320
D_artificial_to_real,all,hgb,K004,N15_M07_F04,healthy,0.0,320
D_artificial_to_real,all,hgb,K004,N15_M07_F10,healthy,0.0,320
D_artificial_to_real,all,hgb,K005,N09_M07_F10,healthy,0.0,320
D_artificial_to_real,all,hgb,K005,N15_M01_F10,healthy,0.0,320
D_artificial_to_real,all,hgb,K005,N15_M07_F04,healthy,0.0,320
D_artificial_to_real,all,hgb,K005,N15_M07_F10,healthy,0.0,320
D_artificial_to_real,all,hgb,K006,N09_M07_F10,healthy,1.0,320
D_artificial_to_real,all,hgb,K006,N15_M01_F10,healthy,1.0,320
D_artificial_to_real,all,hgb,K006,N15_M07_F04,healthy,1.0,320
D_artificial_to_real,all,hgb,K006,N15_M07_F10,healthy,1.0,320
D_artificial_to_real,all,hgb,KA04,N09_M07_F10,outer,0.165625,320
D_artificial_to_real,all,hgb,KA04,N15_M01_F10,outer,0.0,320
D_artificial_to_real,all,hgb,KA04,N15_M07_F04,outer,0.0,320
D_artificial_to_real,all,hgb,KA04,N15_M07_F10,outer,0.0,320
D_artificial_to_real,all,hgb,KA15,N09_M07_F10,outer,0.9875,320
D_artificial_to_real,all,hgb,KA15,N15_M01_F10,outer,1.0,320
D_artificial_to_real,all,hgb,KA15,N15_M07_F04,outer,0.946875,320
D_artificial_to_real,all,hgb,KA15,N15_M07_F10,outer,0.99375,320
D_artificial_to_real,all,hgb,KA16,N09_M07_F10,outer,0.009375,320
D_artificial_to_real,all,hgb,KA16,N15_M01_F10,outer,0.0,320
D_artificial_to_real,all,hgb,KA16,N15_M07_F04,outer,0.0,320
D_artificial_to_real,all,hgb,KA16,N15_M07_F10,outer,0.0,320
D_artificial_to_real,all,hgb,KA22,N09_M07_F10,outer,0.996875,320
D_artificial_to_real,all,hgb,KA22,N15_M01_F10,outer,0.996875,320
D_artificial_to_real,all,hgb,KA22,N15_M07_F04,outer,1.0,320
D_artificial_to_real,all,hgb,KA22,N15_M07_F10,outer,1.0,320
D_artificial_to_real,all,hgb,KA30,N09_M07_F10,outer,0.009375,320
D_artificial_to_real,all,hgb,KA30,N15_M01_F10,outer,0.0,320
D_artificial_to_real,all,hgb,KA30,N15_M07_F04,outer,0.0,320
D_artificial_to_real,all,hgb,KA30,N15_M07_F10,outer,0.0,320
D_artificial_to_real,all,hgb,KI04,N09_M07_F10,inner,0.975,320
D_artificial_to_real,all,hgb,KI04,N15_M01_F10,inner,1.0,320
D_artificial_to_real,all,hgb,KI04,N15_M07_F04,inner,0.8375,320
D_artificial_to_real,all,hgb,KI04,N15_M07_F10,inner,0.540625,320
D_artificial_to_real,all,hgb,KI14,N09_M07_F10,inner,0.0,320
D_artificial_to_real,all,hgb,KI14,N15_M01_F10,inner,0.0,320
D_artificial_to_real,all,hgb,KI14,N15_M07_F04,inner,0.0,320
D_artificial_to_real,all,hgb,KI14,N15_M07_F10,inner,0.0,320
D_artificial_to_real,all,hgb,KI16,N09_M07_F10,inner,0.0,320
D_artificial_to_real,all,hgb,KI16,N15_M01_F10,inner,0.75,320
D_artificial_to_real,all,hgb,KI16,N15_M07_F04,inner,0.634375,320
D_artificial_to_real,all,hgb,KI16,N15_M07_F10,inner,0.615625,320
D_artificial_to_real,all,hgb,KI17,N09_M07_F10,inner,0.978125,320
D_artificial_to_real,all,hgb,KI17,N15_M01_F10,inner,0.790625,320
D_artificial_to_real,all,hgb,KI17,N15_M07_F04,inner,0.996875,320
D_artificial_to_real,all,hgb,KI17,N15_M07_F10,inner,0.515625,320
D_artificial_to_real,all,hgb,KI18,N09_M07_F10,inner,0.0,320
D_artificial_to_real,all,hgb,KI18,N15_M01_F10,inner,1.0,320
D_artificial_to_real,all,hgb,KI18,N15_M07_F04,inner,0.825,320
D_artificial_to_real,all,hgb,KI18,N15_M07_F10,inner,0.584375,320
D_artificial_to_real,all,hgb,KI21,N09_M07_F10,inner,0.0,320
D_artificial_to_real,all,hgb,KI21,N15_M01_F10,inner,0.0,320
D_artificial_to_real,all,hgb,KI21,N15_M07_F04,inner,0.0,320
D_artificial_to_real,all,hgb,KI21,N15_M07_F10,inner,0.0,320
D_artificial_to_real,all,cnn,K004,N09_M07_F10,healthy,0.0,320
D_artificial_to_real,all,cnn,K004,N15_M01_F10,healthy,0.0,320
D_artificial_to_real,all,cnn,K004,N15_M07_F04,healthy,0.0,320
D_artificial_to_real,all,cnn,K004,N15_M07_F10,healthy,0.0,320
D_artificial_to_real,all,cnn,K005,N09_M07_F10,healthy,0.0,320
D_artificial_to_real,all,cnn,K005,N15_M01_F10,healthy,0.2125,320
D_artificial_to_real,all,cnn,K005,N15_M07_F04,healthy,0.153125,320
D_artificial_to_real,all,cnn,K005,N15_M07_F10,healthy,0.4125,320
D_artificial_to_real,all,cnn,K006,N09_M07_F10,healthy,0.78125,320
D_artificial_to_real,all,cnn,K006,N15_M01_F10,healthy,0.853125,320
D_artificial_to_real,all,cnn,K006,N15_M07_F04,healthy,0.928125,320
D_artificial_to_real,all,cnn,K006,N15_M07_F10,healthy,0.43125,320
D_artificial_to_real,all,cnn,KA04,N09_M07_F10,outer,0.9875,320
D_artificial_to_real,all,cnn,KA04,N15_M01_F10,outer,1.0,320
D_artificial_to_real,all,cnn,KA04,N15_M07_F04,outer,0.975,320
D_artificial_to_real,all,cnn,KA04,N15_M07_F10,outer,1.0,320
D_artificial_to_real,all,cnn,KA15,N09_M07_F10,outer,0.0,320
D_artificial_to_real,all,cnn,KA15,N15_M01_F10,outer,0.409375,320
D_artificial_to_real,all,cnn,KA15,N15_M07_F04,outer,0.078125,320
D_artificial_to_real,all,cnn,KA15,N15_M07_F10,outer,0.5125,320
D_artificial_to_real,all,cnn,KA16,N09_M07_F10,outer,1.0,320
D_artificial_to_real,all,cnn,KA16,N15_M01_F10,outer,1.0,320
D_artificial_to_real,all,cnn,KA16,N15_M07_F04,outer,0.075,320
D_artificial_to_real,all,cnn,KA16,N15_M07_F10,outer,1.0,320
D_artificial_to_real,all,cnn,KA22,N09_M07_F10,outer,0.0,320
D_artificial_to_real,all,cnn,KA22,N15_M01_F10,outer,0.125,320
D_artificial_to_real,all,cnn,KA22,N15_M07_F04,outer,0.0,320
D_artificial_to_real,all,cnn,KA22,N15_M07_F10,outer,0.134375,320
D_artificial_to_real,all,cnn,KA30,N09_M07_F10,outer,0.028125,320
D_artificial_to_real,all,cnn,KA30,N15_M01_F10,outer,0.375,320
D_artificial_to_real,all,cnn,KA30,N15_M07_F04,outer,0.0625,320
D_artificial_to_real,all,cnn,KA30,N15_M07_F10,outer,0.0625,320
D_artificial_to_real,all,cnn,KI04,N09_M07_F10,inner,0.5875,320
D_artificial_to_real,all,cnn,KI04,N15_M01_F10,inner,0.6125,320
D_artificial_to_real,all,cnn,KI04,N15_M07_F04,inner,0.778125,320
D_artificial_to_real,all,cnn,KI04,N15_M07_F10,inner,0.9375,320
D_artificial_to_real,all,cnn,KI14,N09_M07_F10,inner,1.0,320
D_artificial_to_real,all,cnn,KI14,N15_M01_F10,inner,0.3,320
D_artificial_to_real,all,cnn,KI14,N15_M07_F04,inner,1.0,320
D_artificial_to_real,all,cnn,KI14,N15_M07_F10,inner,0.215625,320
D_artificial_to_real,all,cnn,KI16,N09_M07_F10,inner,0.0,320
D_artificial_to_real,all,cnn,KI16,N15_M01_F10,inner,0.0,320
D_artificial_to_real,all,cnn,KI16,N15_M07_F04,inner,0.0,320
D_artificial_to_real,all,cnn,KI16,N15_M07_F10,inner,0.0,320
D_artificial_to_real,all,cnn,KI17,N09_M07_F10,inner,0.775,320
D_artificial_to_real,all,cnn,KI17,N15_M01_F10,inner,0.0,320
D_artificial_to_real,all,cnn,KI17,N15_M07_F04,inner,1.0,320
D_artificial_to_real,all,cnn,KI17,N15_M07_F10,inner,0.0,320
D_artificial_to_real,all,cnn,KI18,N09_M07_F10,inner,0.375,320
D_artificial_to_real,all,cnn,KI18,N15_M01_F10,inner,0.00625,320
D_artificial_to_real,all,cnn,KI18,N15_M07_F04,inner,0.640625,320
D_artificial_to_real,all,cnn,KI18,N15_M07_F10,inner,0.0,320
D_artificial_to_real,all,cnn,KI21,N09_M07_F10,inner,1.0,320
D_artificial_to_real,all,cnn,KI21,N15_M01_F10,inner,1.0,320
D_artificial_to_real,all,cnn,KI21,N15_M07_F04,inner,1.0,320
D_artificial_to_real,all,cnn,KI21,N15_M07_F10,inner,1.0,320
